transaction_id,customer_id,customer_name,merchant_id,transaction_ts,amount,city,country,payment_method,status
T30000010,C308263,Ewa Nowak,M30994,2024-10-13 16:21:00,667.22,Gdańsk,ES,cash,declined
T30000011,C103688,Jan Mazur,M38172,2025-03-12 11:10:00,4331.99,Poznań,ES,blik,approved
T30000012,C457468,Kasia Wisniewski,M6619,2024-11-12 19:06:00,5817.88,Kraków,DE,card,declined
T30000013,C303497,Anna Nowak,M48065,2025-01-21 05:19:00,6101.5,Wrocław,IT,card,declined
T30000014,C450034,Tomasz Wisniewski,M5422,2025-07-17 01:25:00,7380.05,Wrocław,DE,transfer,pending
T30000015,C475098,Jan Wisniewski,M307,2024-09-26 08:50:00,1415.09,Warszawa,IT,card,APPROVED
T30000016,C486152,Tomasz Mazur,M29376,2024-04-04 13:51:00,7661.49,Gdańsk,ES,cash,APPROVED
T30000017,C134553,Jan Wojcik,M4140,2025-08-02 06:47:00,7659.7,Kraków,PL,transfer,APPROVED
T30000018,C417935,Kasia Mazur,M5072,2025-06-26 22:35:00,4156.17,Warszawa,IT,card,APPROVED
T30000019,C258192,Tomasz Kowalski,M40127,2025-11-02 03:36:00,3229.88,Gdańsk,IT,cash,pending
T30000020,C80473,Adam Wojcik,M36971,2023-10-30 15:32:00,1031.98,Wrocław,ES,blik,APPROVED
T30000021,C464651,Jan Kaczmarek,M48879,2023-05-16 15:14:00,3193.32,Gdańsk,ES,cash,pending
T30000022,C99452,Kasia Kowalski,M536,2025-11-03 16:43:00,3500.85,Kraków,ES,card,APPROVED
T30000023,C293705,Anna Kaczmarek,M48507,2025-07-20 00:05:00,1670.45,Wrocław,DE,transfer,APPROVED
T30000024,C497371,Anna Kowalski,M34088,2025-01-20 05:35:00,2933.69,Gdańsk,DE,transfer,approved
T30000025,C382133,Piotr Kowalski,M23745,2023-07-29 21:06:00,9753.69,Poznań,IT,blik,declined
T30000026,C432848,Ewa Kowalski,M48394,2024-04-05 15:50:00,2544.25,Kraków,ES,card,declined
T30000027,C534,Anna Mazur,M41459,2025-08-28 16:43:00,910.69,Gdańsk,PL,transfer,approved
T30000028,C265642,Jan Kaczmarek,M28419,2023-12-14 18:33:00,601.64,Gdańsk,FR,cash,declined
T30000029,C254144,Maria Mazur,M15150,2023-09-29 02:50:00,5142.98,Warszawa,DE,cash,declined
T30000030,C146246,Anna Kowalski,M8598,2024-07-23 15:41:00,4509.35,Kraków,ES,blik,pending
T30000031,C107879,Adam Wisniewski,M3701,2023-11-16 19:03:00,7877.4,Warszawa,DE,blik,APPROVED
T30000032,C402505,Ewa Kowalski,M43462,2023-08-06 09:03:00,1840.51,Warszawa,IT,CARD,approved
T30000033,C223594,Adam Nowak,M7460,2025-05-06 12:06:00,3341.11,Warszawa,FR,cash,approved
T30000034,C330609,Ewa Wojcik,M38213,2024-09-05 10:49:00,9799.99,Wrocław,PL,CARD,APPROVED
T30000035,C400883,Piotr Mazur,M17537,2025-08-02 18:10:00,4593.45,Warszawa,FR,card,APPROVED
T30000036,C374485,Piotr Kaczmarek,M5815,2023-01-31 03:08:00,2630.94,Warszawa,IT,transfer,pending
T30000037,C215591,Anna Mazur,M15067,2024-09-05 05:07:00,6574.32,Warszawa,IT,cash,approved
T30000038,C29395,Anna Nowak,M29333,2024-10-17 21:52:00,4570.09,Warszawa,IT,cash,APPROVED
T30000039,C141896,Maria Kowalski,M27795,2025-02-08 12:45:00,4154.36,Gdańsk,ES,transfer,approved
T30000040,C406165,Tomasz Nowak,M10854,2025-06-21 03:41:00,2020.4,Wrocław,PL,card,APPROVED
T30000041,C69847,Tomasz Wisniewski,M10386,2024-07-22 19:23:00,3528.98,Poznań,PL,blik,approved
T30000042,C200730,Jan Wisniewski,M21777,2024-04-04 00:46:00,9788.67,Gdańsk,DE,CARD,declined
T30000043,C247071,Maria Kaczmarek,M23312,2023-08-20 04:35:00,4501.49,Poznań,DE,cash,approved
T30000044,C452826,Tomasz Wojcik,M33329,2024-06-23 09:08:00,3403.38,Wrocław,IT,blik,declined
T30000045,C438898,Jan Mazur,M29291,2025-03-13 19:13:00,2955.03,Warszawa,PL,CARD,declined
T30000046,C451576,Kasia Wisniewski,M1990,2024-08-23 04:59:00,4203.95,Gdańsk,FR,card,approved
T30000047,C168795,Adam Wisniewski,M17380,2023-07-30 00:34:00,7631.76,Warszawa,DE,card,APPROVED
T30000048,C2860,Tomasz Wojcik,M47357,2024-08-22 14:12:00,5462.19,Warszawa,FR,cash,APPROVED
T30000049,C227553,Jan Nowak,M21188,2025-02-04 05:00:00,1172.77,Kraków,PL,blik,APPROVED
T30000050,C48549,Tomasz Wojcik,M3595,2025-01-10 10:52:00,1708.43,Gdańsk,PL,cash,approved
T30000051,C219890,Ewa Kowalski,M14991,2023-12-19 13:22:00,4928.89,Kraków,PL,cash,declined
T30000052,C64110,Jan Nowak,M38851,2023-12-04 19:43:00,2180.75,Kraków,PL,card,pending
T30000053,C352325,Adam Kowalski,M25499,2024-10-19 21:09:00,7760.3,Kraków,DE,transfer,APPROVED
T30000054,C170309,Adam Wisniewski,M32690,2023-02-21 16:45:00,3689.8,Wrocław,PL,transfer,declined
T30000055,C494378,Maria Kowalski,M40937,2023-08-20 07:58:00,8216.42,Wrocław,IT,blik,approved
T30000056,C65068,Kasia Wisniewski,M19613,2023-03-02 23:39:00,5760.29,Kraków,DE,cash,approved
T30000057,C365065,Piotr Kowalski,M6527,2024-10-17 17:32:00,8193.7,Wrocław,IT,transfer,APPROVED
T30000058,C459916,Kasia Kaczmarek,M39429,2025-08-24 23:36:00,7192.86,Kraków,PL,cash,declined
T30000059,C496906,Maria Mazur,M6595,2025-08-16 03:46:00,6549.94,Gdańsk,DE,CARD,declined
T30000060,C462327,Adam Kaczmarek,M42313,2024-03-10 16:55:00,2455.08,Poznań,ES,CARD,APPROVED
T30000061,C397641,Jan Wisniewski,M25402,2023-03-08 22:09:00,7841.19,Gdańsk,PL,transfer,pending
T30000062,C134298,Maria Nowak,M31843,2023-03-24 09:53:00,8719.91,Gdańsk,ES,transfer,APPROVED
T30000063,C242878,Maria Nowak,M27635,2024-03-14 01:01:00,7183.67,Kraków,IT,blik,declined
T30000064,C285360,Piotr Mazur,M30457,2023-06-19 00:49:00,5024.36,Warszawa,ES,blik,APPROVED
T30000065,C94418,Adam Nowak,M48294,2023-02-07 11:35:00,8192.44,Warszawa,ES,CARD,declined
T30000066,C202220,Piotr Wojcik,M34256,2025-04-19 23:16:00,5987.13,Gdańsk,PL,cash,declined
T30000067,C56098,Anna Kaczmarek,M17482,2023-11-01 11:32:00,5366.4,Kraków,FR,CARD,declined
T30000068,C175597,Kasia Kaczmarek,M8988,2023-01-23 19:17:00,7498.33,Wrocław,IT,transfer,pending
T30000069,C435577,Jan Kowalski,M20250,2023-02-22 05:53:00,6182.55,Warszawa,ES,card,approved
T30000070,C49971,Tomasz Wisniewski,M29538,2023-06-04 10:40:00,3769.09,Kraków,IT,transfer,APPROVED
T30000071,C172209,Jan Wisniewski,M31077,2024-12-04 18:08:00,7580.05,Warszawa,IT,blik,pending
T30000072,C341220,Jan Mazur,M3733,2023-07-04 14:18:00,5876.29,Warszawa,ES,cash,approved
T30000073,C434155,Piotr Kowalski,M16688,2023-07-14 15:20:00,877.47,Poznań,DE,transfer,pending
T30000074,C421539,Tomasz Nowak,M11322,2025-10-27 21:51:00,493.76,Poznań,IT,cash,declined
T30000075,C239107,Ewa Mazur,M24129,2025-07-08 08:42:00,9711.45,Wrocław,PL,CARD,pending
T30000076,C160039,Tomasz Nowak,M31615,2023-10-19 20:58:00,5981.81,Poznań,IT,CARD,pending
T30000077,C322689,Tomasz Nowak,M11269,2024-03-23 01:24:00,8029.57,Wrocław,ES,CARD,declined
T30000078,C490939,Piotr Kaczmarek,M25199,2023-06-30 01:28:00,1290.69,Wrocław,PL,blik,pending
T30000079,C165419,Anna Kowalski,M13698,2023-04-10 05:30:00,5133.63,Warszawa,PL,cash,declined
T30000080,C343623,Adam Wojcik,M37731,2024-07-31 07:01:00,4236.34,Kraków,IT,card,APPROVED
T30000081,C59595,Piotr Mazur,M2340,2023-10-28 16:14:00,9005.07,Kraków,PL,blik,APPROVED
T30000082,C332323,Kasia Nowak,M48078,2025-07-07 08:14:00,9449.23,Poznań,FR,cash,pending
T30000083,C17301,Adam Wojcik,M2823,2025-01-24 00:28:00,1282.89,Kraków,ES,transfer,declined
T30000084,C396378,Ewa Mazur,M40452,2025-05-10 08:15:00,8612.22,Gdańsk,ES,cash,declined
T30000085,C483602,Ewa Kowalski,M33123,2024-09-01 05:32:00,2860.14,Gdańsk,DE,CARD,approved
T30000086,C139765,Maria Mazur,M32316,2023-02-16 08:48:00,7938.76,Poznań,DE,blik,declined
T30000087,C98756,Ewa Wisniewski,M28736,2024-04-14 21:48:00,5809.48,Wrocław,DE,card,pending
T30000088,C302730,Tomasz Wojcik,M47344,2025-10-31 23:55:00,3119.63,Poznań,DE,transfer,pending
T30000089,C436432,Kasia Mazur,M41081,2023-08-03 11:25:00,562.99,Gdańsk,FR,CARD,approved
T30000090,C259444,Tomasz Nowak,M1741,2023-01-05 06:24:00,782.9,Gdańsk,DE,blik,APPROVED
T30000091,C145559,Jan Wojcik,M4650,2023-02-04 08:24:00,955.23,Poznań,FR,cash,declined
T30000092,C443454,Jan Kaczmarek,M22700,2023-03-01 12:41:00,153.09,Warszawa,IT,cash,approved
T30000093,C10888,Ewa Nowak,M25242,2025-01-24 11:45:00,380.06,Warszawa,PL,card,pending
T30000094,C281618,Adam Mazur,M42839,2023-04-21 01:51:00,6821.06,Kraków,ES,card,approved
T30000095,C169830,Piotr Kaczmarek,M10669,2023-11-18 22:59:00,7211.44,Kraków,DE,cash,APPROVED
T30000096,C378713,Ewa Kaczmarek,M19776,2023-09-25 01:33:00,9400.33,Wrocław,ES,blik,pending
T30000097,C264916,Adam Kowalski,M3751,2023-08-01 17:48:00,164.42,Warszawa,FR,card,approved
T30000098,C125109,Kasia Wojcik,M3248,2024-01-10 17:22:00,2373.66,Warszawa,PL,cash,APPROVED
T30000099,C1767,Jan Wojcik,M20493,2023-06-16 23:21:00,6120.99,Kraków,ES,CARD,approved
T30000100,C50083,Piotr Kaczmarek,M39394,2023-06-07 18:09:00,6961.49,Gdańsk,FR,CARD,pending
T30000101,C453452,Adam Wisniewski,M27951,2023-06-28 01:08:00,3749.55,Gdańsk,DE,CARD,declined
T30000102,C252061,Tomasz Wisniewski,M37745,2023-06-28 15:26:00,6621.14,Poznań,ES,transfer,pending
T30000103,C13330,Piotr Wojcik,M43604,2024-01-11 08:08:00,4994.33,Gdańsk,ES,card,declined
T30000104,C326093,Ewa Nowak,M49633,2024-01-04 06:17:00,8668.72,Gdańsk,ES,card,approved
T30000105,C169124,Adam Kowalski,M38819,2024-12-12 06:30:00,338.77,Kraków,IT,cash,APPROVED
T30000106,C69547,Anna Nowak,M44621,2023-10-14 11:44:00,220.11,Warszawa,FR,CARD,declined
T30000107,C16488,Kasia Kowalski,M17033,2023-06-14 07:51:00,3909.51,Wrocław,PL,cash,APPROVED
T30000108,C427561,Anna Kowalski,M10249,2024-03-25 14:03:00,3787.16,Kraków,IT,CARD,approved
T30000109,C99760,Adam Kowalski,M5162,2025-09-15 09:48:00,9828.21,Kraków,IT,cash,pending
T30000110,C8778,Maria Nowak,M5413,2025-07-13 21:38:00,2699.41,Kraków,PL,card,pending
T30000111,C145405,Piotr Mazur,M24370,2023-06-01 08:58:00,4387.76,Warszawa,ES,blik,pending
T30000112,C38773,Jan Kaczmarek,M38581,2023-04-12 09:23:00,2242.46,Wrocław,ES,card,APPROVED
T30000113,C158840,Anna Kowalski,M45094,2024-11-13 17:54:00,5295.41,Gdańsk,FR,transfer,declined
T30000114,C104657,Anna Kowalski,M19873,2025-01-31 21:51:00,2833.7,Kraków,DE,CARD,APPROVED
T30000115,C85209,Ewa Wojcik,M15105,2023-04-17 13:37:00,9114.23,Gdańsk,PL,cash,approved
T30000116,C123503,Maria Kaczmarek,M38749,2025-03-09 09:36:00,8903.68,Kraków,DE,cash,APPROVED
T30000117,C165439,Ewa Wojcik,M45916,2023-10-02 03:51:00,3510.35,Warszawa,ES,cash,declined
T30000118,C476258,Jan Nowak,M43412,2023-03-26 09:47:00,6561.21,Kraków,IT,transfer,declined
T30000119,C396896,Adam Kowalski,M27325,2024-04-03 17:03:00,4330.91,Kraków,FR,cash,approved
T30000120,C445326,Kasia Kowalski,M45295,2023-12-11 19:14:00,3536.1,Wrocław,DE,card,APPROVED
T30000121,C460412,Jan Mazur,M685,2023-05-30 17:24:00,5263.4,Gdańsk,DE,transfer,declined
T30000122,C250451,Jan Nowak,M16758,2023-12-10 01:41:00,1826.95,Poznań,ES,transfer,APPROVED
T30000123,C369101,Adam Wojcik,M17059,2024-08-23 20:54:00,2108.71,Poznań,PL,blik,approved
T30000124,C188109,Jan Wojcik,M37327,2025-08-20 09:49:00,6674.99,Gdańsk,ES,blik,pending
T30000125,C154884,Maria Wisniewski,M1144,2025-09-19 18:09:00,1072.36,Kraków,PL,cash,approved
T30000126,C464656,Kasia Kaczmarek,M49526,2025-02-28 16:24:00,6949.96,Poznań,IT,blik,approved
T30000127,C418144,Adam Mazur,M31845,2025-04-30 19:40:00,2048.65,Poznań,DE,CARD,pending
T30000128,C48836,Piotr Wisniewski,M49330,2024-08-28 19:41:00,1481.14,Gdańsk,FR,cash,declined
T30000129,C57912,Anna Kowalski,M8035,2024-06-14 14:45:00,4530.21,Poznań,IT,card,APPROVED
T30000130,C211247,Tomasz Wisniewski,M24133,2025-03-19 10:15:00,8908.09,Wrocław,FR,CARD,approved
T30000131,C499617,Maria Kaczmarek,M24314,2025-03-02 05:20:00,3469.19,Kraków,IT,CARD,pending
T30000132,C429676,Jan Nowak,M48363,2025-02-28 19:22:00,3621.12,Wrocław,IT,card,declined
T30000133,C44474,Ewa Kowalski,M14620,2023-05-11 22:06:00,2100.63,Wrocław,PL,blik,approved
T30000134,C1803,Adam Wojcik,M22462,2024-09-12 05:46:00,9684.09,Kraków,PL,blik,APPROVED
T30000135,C144250,Tomasz Mazur,M34687,2025-04-14 21:02:00,2070.53,Warszawa,ES,cash,approved
T30000136,C269116,Tomasz Kowalski,M43376,2025-11-06 04:30:00,3240.26,Wrocław,PL,cash,declined
T30000137,C248733,Ewa Wisniewski,M49563,2024-02-29 16:31:00,328.34,Gdańsk,DE,card,declined
T30000138,C24662,Ewa Kowalski,M37839,2023-04-29 11:24:00,3879.18,Gdańsk,ES,CARD,declined
T30000139,C329642,Ewa Wojcik,M23677,2023-07-05 04:25:00,5065.63,Poznań,FR,card,APPROVED
T30000140,C53997,Piotr Nowak,M13459,2025-05-28 19:05:00,9589.09,Wrocław,DE,CARD,pending
T30000141,C182572,Maria Wisniewski,M40774,2024-03-30 05:50:00,4886.29,Kraków,FR,CARD,declined
T30000142,C412683,Anna Wisniewski,M49818,2025-02-18 11:48:00,8430.49,Kraków,PL,transfer,approved
T30000143,C178306,Maria Mazur,M49107,2023-04-11 02:06:00,3167.42,Gdańsk,DE,CARD,pending
T30000144,C94566,Ewa Mazur,M6558,2024-10-27 17:13:00,8527.65,Poznań,FR,cash,APPROVED
T30000145,C157770,Jan Mazur,M42700,2024-05-20 23:25:00,254.92,Wrocław,FR,CARD,declined
T30000146,C392380,Adam Mazur,M39942,2023-09-22 11:15:00,1451.12,Kraków,IT,transfer,declined
T30000147,C15571,Tomasz Kaczmarek,M24774,2023-09-23 12:53:00,1670.05,Warszawa,PL,transfer,APPROVED
T30000148,C202727,Piotr Kaczmarek,M15309,2023-04-20 20:34:00,5116.7,Gdańsk,FR,card,pending
T30000149,C6269,Ewa Wojcik,M22358,2024-01-02 17:09:00,6603.02,Wrocław,DE,CARD,APPROVED
T30000150,C190905,Anna Nowak,M6034,2024-08-12 04:26:00,1288.89,Kraków,PL,blik,APPROVED
T30000151,C392817,Ewa Nowak,M34085,2024-04-03 14:44:00,7408.14,Kraków,PL,transfer,approved
T30000152,C349968,Kasia Nowak,M37241,2023-08-24 17:02:00,9816.28,Wrocław,PL,CARD,APPROVED
T30000153,C253991,Tomasz Wisniewski,M4346,2023-04-08 14:00:00,6404.69,Kraków,ES,transfer,approved
T30000154,C127635,Kasia Mazur,M2348,2025-10-12 01:33:00,8818.47,Kraków,FR,transfer,APPROVED
T30000155,C442471,Piotr Kowalski,M32838,2025-02-16 06:40:00,5341.78,Gdańsk,DE,CARD,pending
T30000156,C121948,Ewa Kaczmarek,M3136,2023-09-18 02:51:00,5142.43,Warszawa,PL,transfer,declined
T30000157,C37719,Kasia Nowak,M223,2024-09-06 04:12:00,6805.63,Poznań,FR,CARD,APPROVED
T30000158,C424818,Adam Mazur,M21654,2023-04-20 14:45:00,6604.87,Kraków,FR,cash,declined
T30000159,C189912,Jan Wisniewski,M26359,2023-08-30 00:59:00,2678.26,Kraków,FR,card,APPROVED
T30000160,C132994,Anna Wisniewski,M18879,2024-03-28 13:18:00,7607.23,Kraków,FR,card,pending
T30000161,C360085,Anna Wojcik,M46787,2024-10-29 14:06:00,515.46,Poznań,PL,blik,declined
T30000162,C195043,Ewa Mazur,M26792,2024-08-19 00:15:00,2695.51,Wrocław,FR,transfer,pending
T30000163,C64715,Ewa Mazur,M42015,2025-03-07 04:10:00,3028.61,Poznań,PL,blik,declined
T30000164,C459361,Jan Nowak,M26855,2023-06-21 16:39:00,282.36,Wrocław,PL,CARD,APPROVED
T30000165,C30222,Tomasz Mazur,M7713,2023-05-07 06:31:00,9347.87,Poznań,IT,transfer,approved
T30000166,C443235,Kasia Nowak,M28824,2025-09-24 14:23:00,2144.71,Wrocław,IT,blik,declined
T30000167,C482242,Piotr Nowak,M25719,2024-01-08 12:52:00,7095.85,Warszawa,DE,transfer,APPROVED
T30000168,C397861,Tomasz Kowalski,M11332,2024-07-05 11:31:00,630.05,Warszawa,ES,CARD,APPROVED
T30000169,C423558,Piotr Mazur,M39835,2024-09-26 22:39:00,7133.93,Gdańsk,IT,cash,pending
T30000170,C21701,Ewa Wojcik,M25340,2024-02-02 01:08:00,3542.91,Warszawa,IT,transfer,APPROVED
T30000171,C277011,Jan Kaczmarek,M44089,2024-06-08 10:54:00,9488.11,Warszawa,FR,blik,approved
T30000172,C294804,Jan Nowak,M8647,2023-11-07 08:54:00,9258.86,Gdańsk,IT,card,pending
T30000173,C116343,Tomasz Kowalski,M10912,2023-10-16 19:10:00,6684.22,Kraków,PL,transfer,declined
T30000174,C133077,Piotr Wisniewski,M24528,2023-05-24 16:25:00,5600.77,Gdańsk,FR,transfer,declined
T30000175,C256097,Maria Kaczmarek,M47816,2024-06-02 18:58:00,1147.87,Poznań,FR,blik,declined
T30000176,C400579,Jan Kaczmarek,M24387,2025-07-06 22:07:00,8975.66,Kraków,ES,CARD,declined
T30000177,C348904,Tomasz Mazur,M29051,2023-04-02 03:30:00,9007.21,Gdańsk,PL,CARD,APPROVED
T30000178,C42464,Anna Kowalski,M4193,2024-01-16 05:16:00,7331.03,Gdańsk,PL,transfer,APPROVED
T30000179,C287698,Jan Nowak,M12865,2025-02-09 18:06:00,8829.12,Wrocław,IT,CARD,pending
T30000180,C83781,Ewa Nowak,M35900,2023-01-02 12:11:00,9622.75,Gdańsk,FR,cash,APPROVED
T30000181,C179596,Ewa Wisniewski,M31081,2024-12-23 16:18:00,8957.33,Gdańsk,ES,card,declined
T30000182,C271093,Ewa Wojcik,M6291,2023-02-12 00:16:00,1170.74,Kraków,ES,transfer,APPROVED
T30000183,C24738,Tomasz Nowak,M25551,2024-10-21 20:55:00,8701.45,Warszawa,DE,CARD,declined
T30000184,C476587,Kasia Wisniewski,M36070,2024-08-19 02:24:00,2043.62,Poznań,DE,CARD,APPROVED
T30000185,C113771,Anna Wisniewski,M10971,2024-09-09 22:24:00,3862.65,Poznań,DE,blik,declined
T30000186,C379337,Piotr Kowalski,M15781,2023-09-15 00:30:00,1933.17,Kraków,IT,blik,approved
T30000187,C260217,Ewa Nowak,M31270,2023-01-10 23:58:00,8181.78,Wrocław,DE,transfer,declined
T30000188,C491937,Maria Wojcik,M26491,2023-11-01 11:20:00,6467.56,Warszawa,FR,CARD,declined
T30000189,C487609,Maria Wisniewski,M42946,2023-08-09 09:47:00,701.75,Poznań,PL,blik,approved
T30000190,C270006,Tomasz Wojcik,M3131,2023-08-19 02:19:00,625.88,Kraków,ES,blik,pending
T30000191,C191897,Ewa Kowalski,M49473,2023-08-18 19:13:00,5204.45,Wrocław,FR,card,APPROVED
T30000192,C418115,Maria Wisniewski,M3850,2024-06-18 17:11:00,8854.14,Warszawa,DE,cash,approved
T30000193,C245297,Jan Nowak,M43770,2024-11-09 10:29:00,859.46,Wrocław,IT,blik,declined
T30000194,C431450,Piotr Kaczmarek,M28342,2023-12-15 11:56:00,1783.17,Poznań,DE,blik,declined
T30000195,C350713,Anna Wisniewski,M43640,2024-08-17 09:57:00,1013.13,Warszawa,FR,CARD,APPROVED
T30000196,C294454,Adam Wojcik,M10451,2023-11-06 18:47:00,6302.5,Wrocław,PL,transfer,pending
T30000197,C163754,Adam Wisniewski,M17081,2024-12-13 23:49:00,928.83,Warszawa,FR,card,approved
T30000198,C405975,Piotr Kaczmarek,M47047,2023-04-18 04:39:00,2584.26,Wrocław,IT,card,approved
T30000199,C187632,Tomasz Kowalski,M34251,2024-11-01 12:02:00,9553.4,Wrocław,ES,blik,declined
T30000200,C492451,Kasia Kaczmarek,M13277,2023-03-18 11:21:00,7079.31,Poznań,FR,cash,approved
T30000201,C135304,Kasia Kaczmarek,M29308,2025-02-22 05:09:00,3033.82,Warszawa,IT,blik,APPROVED
T30000202,C208924,Kasia Wisniewski,M33149,2025-02-22 11:57:00,3485.9,Warszawa,IT,transfer,declined
T30000203,C79626,Anna Nowak,M34052,2024-07-22 13:57:00,8211.31,Warszawa,FR,card,pending
T30000204,C1000,Anna Nowak,M19338,2024-04-24 01:31:00,2497.81,Wrocław,ES,CARD,APPROVED
T30000205,C313106,Jan Nowak,M11998,2024-11-11 18:38:00,423.87,Warszawa,FR,CARD,approved
T30000206,C461765,Ewa Wojcik,M22347,2024-05-17 17:04:00,3743.73,Poznań,FR,transfer,approved
T30000207,C406436,Maria Kaczmarek,M49551,2024-06-25 02:32:00,7310.47,Wrocław,PL,blik,declined
T30000208,C236219,Maria Kaczmarek,M11330,2024-01-28 16:36:00,1864.96,Wrocław,DE,blik,pending
T30000209,C415846,Anna Wisniewski,M36573,2024-06-24 11:26:00,1801.79,Poznań,FR,CARD,approved
T30000210,C420201,Jan Kowalski,M8644,2025-01-27 02:47:00,4188.78,Wrocław,DE,cash,approved
T30000211,C81917,Anna Wisniewski,M37256,2025-05-10 23:29:00,7705.03,Wrocław,FR,cash,pending
T30000212,C416689,Tomasz Mazur,M32047,2023-08-03 20:32:00,5146.79,Kraków,ES,blik,pending
T30000213,C87309,Adam Wojcik,M44063,2024-04-20 21:38:00,8558.14,Poznań,FR,transfer,approved
T30000214,C458534,Adam Nowak,M38448,2024-02-06 14:05:00,5631.16,Kraków,ES,cash,pending
T30000215,C280278,Adam Mazur,M34350,2024-07-03 19:07:00,5032.51,Warszawa,ES,CARD,APPROVED
T30000216,C417505,Anna Wisniewski,M26700,2025-04-25 23:28:00,3946.27,Gdańsk,DE,transfer,approved
T30000217,C395352,Tomasz Nowak,M34017,2025-02-09 02:35:00,5769.75,Wrocław,IT,blik,APPROVED
T30000218,C437582,Jan Mazur,M35789,2025-08-17 15:28:00,9584.33,Kraków,FR,card,APPROVED
T30000219,C91095,Kasia Nowak,M45976,2024-11-23 02:39:00,759.0,Warszawa,DE,cash,approved
T30000220,C121444,Maria Nowak,M4148,2024-02-19 23:20:00,284.85,Warszawa,PL,transfer,APPROVED
T30000221,C335352,Adam Wisniewski,M6526,2025-06-25 14:51:00,1933.98,Poznań,FR,CARD,APPROVED
T30000222,C320634,Maria Kaczmarek,M32798,2024-09-25 03:54:00,9805.68,Kraków,FR,CARD,approved
T30000223,C123106,Ewa Nowak,M10134,2025-05-06 20:28:00,8168.96,Poznań,FR,card,pending
T30000224,C382987,Anna Kowalski,M45383,2025-09-12 01:57:00,1612.03,Kraków,PL,card,pending
T30000225,C442731,Tomasz Mazur,M4402,2023-07-04 13:38:00,5601.03,Warszawa,PL,CARD,approved
T30000226,C304760,Jan Kaczmarek,M29917,2024-03-29 18:31:00,8888.45,Gdańsk,FR,transfer,declined
T30000227,C375533,Jan Kaczmarek,M2773,2024-03-15 06:39:00,1660.0,Warszawa,FR,transfer,declined
T30000228,C217316,Piotr Nowak,M33796,2023-02-12 06:54:00,1764.65,Gdańsk,PL,blik,approved
T30000229,C55751,Tomasz Mazur,M20512,2024-12-11 04:06:00,9383.95,Gdańsk,PL,CARD,approved
T30000230,C376115,Jan Nowak,M22507,2023-10-30 15:46:00,9830.93,Kraków,FR,blik,pending
T30000231,C438933,Adam Wojcik,M26056,2024-02-17 19:03:00,9719.41,Wrocław,ES,CARD,approved
T30000232,C148803,Jan Mazur,M28751,2023-04-06 02:09:00,6779.35,Gdańsk,IT,blik,pending
T30000233,C195902,Jan Kowalski,M6158,2024-05-30 04:09:00,861.42,Gdańsk,ES,cash,approved
T30000234,C228015,Anna Mazur,M37966,2025-03-01 13:43:00,4688.66,Poznań,ES,transfer,APPROVED
T30000235,C61183,Adam Wojcik,M36907,2025-03-08 11:30:00,4802.48,Gdańsk,PL,blik,pending
T30000236,C1158,Adam Kowalski,M27498,2025-04-04 02:21:00,9448.55,Warszawa,PL,cash,APPROVED
T30000237,C14091,Maria Kaczmarek,M26729,2023-09-11 04:46:00,9267.63,Warszawa,FR,blik,approved
T30000238,C286025,Anna Wisniewski,M28897,2023-09-03 11:55:00,8392.02,Warszawa,PL,cash,approved
T30000239,C338367,Tomasz Kowalski,M1387,2025-05-13 03:28:00,5609.08,Wrocław,PL,transfer,declined
T30000240,C4493,Kasia Kaczmarek,M33883,2025-01-29 16:21:00,4565.06,Wrocław,ES,card,APPROVED
T30000241,C478180,Piotr Wojcik,M12005,2023-02-09 02:38:00,3507.74,Warszawa,FR,card,declined
T30000242,C253510,Ewa Nowak,M17504,2025-04-30 06:03:00,802.6,Poznań,ES,CARD,pending
T30000243,C256716,Anna Wisniewski,M36718,2025-07-05 14:48:00,1634.59,Kraków,PL,transfer,approved
T30000244,C305079,Tomasz Kowalski,M1055,2024-08-23 09:02:00,2093.13,Gdańsk,FR,card,declined
T30000245,C162668,Piotr Nowak,M42751,2024-08-07 09:54:00,647.57,Kraków,ES,card,approved
T30000246,C454825,Maria Wojcik,M8985,2025-09-14 23:19:00,180.11,Kraków,FR,CARD,declined
T30000247,C483560,Ewa Nowak,M11400,2024-04-11 00:40:00,2688.35,Poznań,DE,CARD,pending
T30000248,C318066,Adam Mazur,M46225,2024-12-04 11:22:00,2732.87,Gdańsk,IT,cash,pending
T30000249,C384618,Tomasz Wisniewski,M19331,2025-02-06 09:32:00,8095.09,Poznań,FR,transfer,approved
T30000250,C493235,Piotr Kowalski,M45889,2025-02-27 01:51:00,9091.46,Wrocław,DE,cash,APPROVED
T30000251,C411346,Anna Wojcik,M29887,2024-08-29 16:00:00,1174.09,Kraków,IT,transfer,APPROVED
T30000252,C257955,Anna Wojcik,M46353,2025-05-22 23:57:00,4054.57,Gdańsk,ES,card,approved
T30000253,C352168,Tomasz Wojcik,M8054,2023-12-26 23:37:00,669.61,Kraków,DE,blik,pending
T30000254,C181169,Adam Nowak,M33431,2023-12-28 19:11:00,7948.59,Poznań,DE,transfer,pending
T30000255,C211439,Ewa Kowalski,M48059,2023-09-22 18:03:00,2654.04,Warszawa,DE,blik,APPROVED
T30000256,C334621,Maria Nowak,M41899,2023-06-04 11:31:00,2710.2,Poznań,PL,cash,approved
T30000257,C129244,Maria Kowalski,M38955,2023-07-10 06:47:00,8888.35,Poznań,PL,card,declined
T30000258,C294104,Jan Mazur,M47354,2024-07-14 15:23:00,3702.91,Gdańsk,ES,transfer,pending
T30000259,C378508,Piotr Nowak,M43433,2024-01-28 02:26:00,7351.07,Kraków,ES,cash,pending
T30000260,C174230,Kasia Wisniewski,M3011,2025-10-31 15:25:00,9645.93,Poznań,PL,cash,approved
T30000261,C290020,Jan Mazur,M44438,2024-04-16 09:57:00,3195.87,Poznań,IT,blik,approved
T30000262,C161583,Ewa Mazur,M39478,2023-07-15 07:14:00,3399.23,Poznań,ES,cash,declined
T30000263,C72966,Adam Kowalski,M20713,2023-05-04 07:19:00,1829.02,Kraków,FR,transfer,approved
T30000264,C329828,Anna Nowak,M22420,2024-03-06 00:16:00,7558.27,Warszawa,DE,card,declined
T30000265,C40152,Jan Kaczmarek,M26327,2024-09-28 16:08:00,9558.98,Kraków,DE,CARD,APPROVED
T30000266,C164554,Kasia Mazur,M22484,2023-07-17 21:15:00,5257.07,Gdańsk,ES,CARD,declined
T30000267,C53243,Adam Mazur,M49679,2025-08-14 02:45:00,7751.63,Poznań,ES,blik,APPROVED
T30000268,C366534,Ewa Kowalski,M46970,2024-06-18 09:39:00,657.85,Kraków,DE,transfer,APPROVED
T30000269,C129873,Adam Nowak,M43322,2024-11-28 15:16:00,3596.16,Warszawa,IT,blik,approved
T30000270,C86494,Maria Nowak,M26775,2024-09-10 14:41:00,6102.09,Wrocław,DE,card,pending
T30000271,C152433,Ewa Kowalski,M2056,2025-02-07 16:51:00,2999.27,Kraków,PL,card,pending
T30000272,C152882,Piotr Mazur,M23677,2025-09-08 17:09:00,447.22,Poznań,DE,card,approved
T30000273,C40261,Jan Nowak,M21935,2024-12-31 03:19:00,5001.36,Wrocław,DE,card,approved
T30000274,C386241,Adam Kaczmarek,M12443,2024-04-13 10:38:00,7609.28,Poznań,ES,cash,APPROVED
T30000275,C64285,Jan Kowalski,M3411,2023-08-07 10:21:00,9474.09,Gdańsk,DE,cash,pending
T30000276,C450052,Anna Nowak,M28547,2025-10-28 16:41:00,8021.62,Warszawa,PL,transfer,declined
T30000277,C23654,Ewa Wisniewski,M36355,2023-01-25 23:38:00,153.15,Gdańsk,DE,transfer,declined
T30000278,C155290,Ewa Kowalski,M42396,2023-06-01 18:14:00,8651.85,Poznań,PL,card,approved
T30000279,C295593,Kasia Kowalski,M40990,2023-12-30 06:11:00,2684.3,Wrocław,IT,transfer,declined
T30000280,C249244,Kasia Kaczmarek,M31516,2024-02-21 09:56:00,5669.5,Poznań,FR,card,APPROVED
T30000281,C316731,Maria Kowalski,M43209,2023-06-12 00:58:00,3003.26,Wrocław,IT,card,pending
T30000282,C207387,Maria Wisniewski,M29323,2024-04-15 18:15:00,8493.81,Kraków,ES,card,approved
T30000283,C349206,Maria Kowalski,M44926,2025-08-17 17:01:00,2962.83,Poznań,FR,CARD,approved
T30000284,C278594,Kasia Wojcik,M6499,2024-07-17 16:19:00,644.94,Warszawa,FR,transfer,declined
T30000285,C87295,Jan Nowak,M27053,2024-01-26 09:20:00,4083.07,Wrocław,PL,transfer,APPROVED
T30000286,C420193,Anna Wojcik,M49630,2025-05-12 21:58:00,2391.55,Warszawa,DE,cash,declined
T30000287,C379210,Jan Nowak,M13503,2025-05-09 05:36:00,8174.14,Wrocław,DE,cash,pending
T30000288,C404085,Jan Wojcik,M5885,2023-08-28 18:53:00,5651.31,Kraków,FR,transfer,declined
T30000289,C104321,Anna Nowak,M48909,2024-06-26 13:07:00,9805.66,Kraków,IT,cash,declined
T30000290,C375763,Anna Kaczmarek,M20649,2024-07-26 20:35:00,7870.67,Gdańsk,FR,blik,APPROVED
T30000291,C432661,Jan Mazur,M5355,2023-12-09 21:41:00,1951.78,Poznań,IT,card,APPROVED
T30000292,C90379,Tomasz Kowalski,M37668,2023-12-04 21:57:00,1387.19,Warszawa,IT,card,approved
T30000293,C237167,Maria Kowalski,M22483,2023-09-16 13:39:00,6758.01,Gdańsk,DE,CARD,APPROVED
T30000294,C97732,Maria Wisniewski,M26679,2023-11-02 16:56:00,6165.92,Kraków,FR,card,APPROVED
T30000295,C111786,Adam Kaczmarek,M6477,2025-06-26 12:52:00,8049.9,Kraków,DE,card,approved
T30000296,C70296,Piotr Wojcik,M23029,2023-12-06 19:09:00,9832.12,Poznań,PL,transfer,APPROVED
T30000297,C335337,Anna Mazur,M42122,2024-09-06 13:57:00,8153.42,Kraków,FR,transfer,pending
T30000298,C90663,Adam Wisniewski,M38235,2025-03-19 04:27:00,5698.57,Gdańsk,PL,CARD,APPROVED
T30000299,C468835,Jan Wojcik,M33232,2025-03-12 05:52:00,2601.7,Kraków,DE,card,pending
T30000300,C13620,Tomasz Kowalski,M42167,2023-05-04 16:03:00,2573.54,Kraków,DE,card,declined
T30000301,C306075,Ewa Nowak,M28271,2023-10-06 22:22:00,7053.42,Kraków,FR,cash,APPROVED
T30000302,C403162,Anna Wisniewski,M307,2024-08-17 03:50:00,9906.87,Kraków,IT,blik,APPROVED
T30000303,C217905,Adam Kaczmarek,M1472,2025-05-06 08:27:00,4517.6,Wrocław,FR,card,declined
T30000304,C491343,Ewa Wojcik,M35569,2024-07-25 06:01:00,9626.78,Kraków,DE,card,approved
T30000305,C3039,Anna Wisniewski,M34512,2024-12-08 16:35:00,8500.32,Warszawa,ES,cash,pending
T30000306,C360292,Anna Mazur,M39528,2023-05-31 07:36:00,8306.89,Poznań,FR,cash,approved
T30000307,C202270,Anna Nowak,M41205,2025-07-08 10:04:00,1519.67,Gdańsk,PL,cash,approved
T30000308,C327121,Ewa Kaczmarek,M36996,2024-10-10 12:52:00,9598.1,Poznań,FR,CARD,declined
T30000309,C341974,Maria Mazur,M4774,2024-12-17 23:57:00,5713.48,Warszawa,PL,CARD,declined
T30000310,C348012,Tomasz Wojcik,M28689,2024-05-05 17:27:00,1213.84,Wrocław,ES,CARD,approved
T30000311,C465500,Piotr Wisniewski,M32128,2023-03-18 07:46:00,443.81,Kraków,PL,CARD,approved
T30000312,C435319,Ewa Kowalski,M11081,2023-11-13 23:17:00,8807.27,Poznań,FR,transfer,declined
T30000313,C399213,Jan Wisniewski,M32692,2025-04-03 01:38:00,105.21,Kraków,IT,CARD,pending
T30000314,C49850,Ewa Kaczmarek,M22996,2024-06-24 04:44:00,9254.07,Kraków,DE,blik,declined
T30000315,C327530,Maria Mazur,M24472,2024-06-04 10:59:00,6510.1,Wrocław,PL,card,declined
T30000316,C167631,Maria Kowalski,M9585,2025-05-30 06:02:00,1891.37,Gdańsk,IT,transfer,declined
T30000317,C499255,Maria Kaczmarek,M17353,2024-06-03 22:05:00,363.33,Gdańsk,ES,cash,APPROVED
T30000318,C483908,Ewa Kowalski,M6484,2024-04-11 06:45:00,3447.46,Kraków,DE,CARD,pending
T30000319,C451229,Tomasz Wisniewski,M11885,2023-09-21 16:47:00,5367.7,Warszawa,IT,CARD,pending
T30000320,C327258,Ewa Kowalski,M38836,2023-02-03 13:33:00,2266.76,Poznań,FR,card,APPROVED
T30000321,C20543,Piotr Nowak,M44725,2023-01-01 16:08:00,6590.48,Gdańsk,PL,blik,APPROVED
T30000322,C38112,Kasia Mazur,M15401,2024-12-12 00:44:00,1401.21,Kraków,IT,transfer,declined
T30000323,C387399,Jan Mazur,M7832,2024-08-20 08:57:00,112.83,Kraków,DE,CARD,pending
T30000324,C47331,Maria Nowak,M7072,2023-02-11 22:28:00,357.14,Gdańsk,IT,cash,approved
T30000325,C344866,Kasia Mazur,M49962,2023-04-06 08:39:00,9772.37,Warszawa,PL,blik,pending
T30000326,C452941,Anna Kaczmarek,M20695,2024-06-10 08:34:00,5957.91,Poznań,PL,CARD,pending
T30000327,C426652,Kasia Mazur,M30283,2025-06-03 11:57:00,5593.98,Warszawa,IT,cash,APPROVED
T30000328,C138169,Maria Nowak,M26207,2024-12-31 22:05:00,4143.67,Poznań,DE,transfer,approved
T30000329,C305347,Kasia Kowalski,M2453,2023-01-04 22:30:00,7161.68,Kraków,IT,transfer,declined
T30000330,C490888,Ewa Nowak,M16863,2024-08-03 21:30:00,2541.15,Gdańsk,DE,cash,approved
T30000331,C16545,Jan Wojcik,M48571,2025-07-15 04:17:00,8443.91,Wrocław,DE,CARD,pending
T30000332,C443627,Anna Wisniewski,M35962,2023-02-28 02:05:00,1308.58,Gdańsk,ES,card,APPROVED
T30000333,C402891,Kasia Kaczmarek,M36199,2025-10-28 16:49:00,4365.24,Gdańsk,PL,card,approved
T30000334,C172191,Ewa Wojcik,M2561,2024-08-27 00:08:00,5766.85,Gdańsk,DE,card,APPROVED
T30000335,C243895,Maria Kaczmarek,M5618,2024-07-27 21:21:00,5257.04,Wrocław,ES,CARD,approved
T30000336,C196626,Tomasz Wisniewski,M34812,2023-03-14 13:45:00,2387.49,Kraków,PL,card,pending
T30000337,C278964,Kasia Mazur,M20129,2024-01-11 00:29:00,5237.49,Gdańsk,FR,CARD,pending
T30000338,C418635,Piotr Nowak,M10354,2023-05-08 15:44:00,4499.11,Warszawa,IT,blik,declined
T30000339,C379406,Maria Mazur,M40094,2025-10-31 00:14:00,5064.19,Gdańsk,FR,blik,approved
T30000340,C219049,Anna Kaczmarek,M33951,2024-12-20 19:11:00,8694.67,Wrocław,DE,card,approved
T30000341,C198285,Piotr Kowalski,M24708,2024-05-07 08:05:00,4419.61,Kraków,IT,transfer,APPROVED
T30000342,C494083,Adam Kaczmarek,M24776,2023-11-02 16:18:00,9878.51,Kraków,IT,transfer,APPROVED
T30000343,C257270,Jan Nowak,M27091,2024-11-30 17:14:00,1351.19,Kraków,FR,transfer,pending
T30000344,C85212,Anna Kaczmarek,M17483,2024-02-09 19:53:00,1627.18,Warszawa,IT,CARD,approved
T30000345,C95695,Piotr Wisniewski,M24609,2023-02-08 01:56:00,8155.07,Poznań,DE,card,approved
T30000346,C142298,Jan Nowak,M28067,2025-10-01 17:48:00,9211.66,Wrocław,PL,card,pending
T30000347,C439730,Jan Wojcik,M30183,2023-11-20 05:52:00,5769.25,Gdańsk,FR,blik,APPROVED
T30000348,C435602,Maria Mazur,M29520,2024-05-24 12:12:00,1188.86,Poznań,FR,card,APPROVED
T30000349,C28537,Tomasz Kaczmarek,M15717,2024-04-15 17:02:00,2596.23,Warszawa,FR,cash,pending
T30000350,C114000,Kasia Nowak,M46489,2024-11-23 11:14:00,8860.53,Wrocław,DE,card,approved
T30000351,C28302,Anna Nowak,M21567,2025-06-14 15:32:00,9963.14,Gdańsk,PL,card,pending
T30000352,C64703,Jan Mazur,M16198,2025-02-27 08:35:00,7073.42,Gdańsk,FR,blik,declined
T30000353,C234276,Adam Wojcik,M27969,2025-03-29 13:20:00,76.05,Poznań,FR,blik,approved
T30000354,C120851,Tomasz Wisniewski,M29324,2024-10-30 14:42:00,6524.76,Wrocław,IT,CARD,APPROVED
T30000355,C84926,Ewa Wojcik,M10395,2025-01-16 19:14:00,1616.56,Warszawa,IT,transfer,pending
T30000356,C137823,Adam Kowalski,M29904,2024-02-18 20:54:00,369.34,Warszawa,FR,blik,APPROVED
T30000357,C488521,Anna Wisniewski,M10580,2024-07-14 05:43:00,4140.5,Wrocław,ES,card,pending
T30000358,C482777,Kasia Wisniewski,M6224,2023-09-01 14:03:00,6399.3,Kraków,IT,card,approved
T30000359,C121400,Kasia Mazur,M14005,2023-10-01 09:23:00,9030.91,Wrocław,PL,CARD,approved
T30000360,C23401,Piotr Nowak,M16258,2023-06-23 20:49:00,5356.56,Gdańsk,PL,transfer,APPROVED
T30000361,C367380,Jan Mazur,M31502,2024-01-02 07:28:00,9403.23,Wrocław,ES,CARD,pending
T30000362,C148048,Piotr Kaczmarek,M5196,2024-12-21 07:38:00,5886.35,Gdańsk,PL,card,approved
T30000363,C199492,Kasia Wisniewski,M34265,2024-11-24 04:43:00,15.44,Poznań,DE,CARD,approved
T30000364,C319995,Maria Wisniewski,M25653,2024-02-14 02:41:00,7084.56,Warszawa,ES,transfer,pending
T30000365,C72568,Ewa Nowak,M41783,2024-09-20 15:33:00,4582.38,Warszawa,DE,card,declined
T30000366,C270626,Tomasz Mazur,M29112,2023-11-01 01:17:00,3979.32,Warszawa,DE,blik,APPROVED
T30000367,C468483,Jan Nowak,M27705,2025-01-08 07:50:00,4884.73,Kraków,ES,CARD,declined
T30000368,C59552,Tomasz Kaczmarek,M32141,2024-03-14 04:00:00,1344.14,Warszawa,DE,CARD,declined
T30000369,C364351,Piotr Kaczmarek,M37571,2023-09-16 04:03:00,4736.69,Wrocław,ES,CARD,approved
T30000370,C411433,Jan Wisniewski,M23042,2023-10-11 10:56:00,6062.3,Poznań,ES,blik,APPROVED
T30000371,C458829,Piotr Kowalski,M10333,2024-10-30 17:32:00,8309.2,Kraków,ES,card,declined
T30000372,C295211,Jan Kaczmarek,M12030,2023-04-09 07:23:00,4297.47,Gdańsk,PL,card,APPROVED
T30000373,C404955,Jan Nowak,M38460,2024-02-05 07:42:00,5000.3,Wrocław,PL,blik,APPROVED
T30000374,C244939,Tomasz Nowak,M19901,2025-07-25 12:05:00,5026.72,Wrocław,PL,card,APPROVED
T30000375,C213426,Ewa Nowak,M49208,2025-02-20 10:39:00,8434.21,Wrocław,IT,card,pending
T30000376,C405082,Adam Kaczmarek,M33636,2024-12-16 14:39:00,8921.14,Poznań,ES,transfer,declined
T30000377,C388471,Adam Wojcik,M19612,2025-03-15 07:42:00,6462.93,Wrocław,DE,CARD,approved
T30000378,C24201,Kasia Kowalski,M6918,2024-11-16 21:20:00,5322.27,Gdańsk,ES,card,pending
T30000379,C104742,Piotr Mazur,M33702,2024-09-09 11:44:00,3002.85,Kraków,ES,CARD,declined
T30000380,C264254,Adam Mazur,M48944,2025-07-15 06:47:00,6492.71,Gdańsk,ES,blik,approved
T30000381,C272308,Ewa Wojcik,M34133,2023-04-11 04:53:00,4300.21,Poznań,DE,blik,pending
T30000382,C309689,Ewa Nowak,M31198,2023-08-05 04:12:00,1603.36,Kraków,PL,blik,APPROVED
T30000383,C45198,Adam Nowak,M41063,2025-03-13 00:48:00,1140.15,Gdańsk,DE,CARD,declined
T30000384,C168765,Piotr Wisniewski,M35945,2023-03-21 18:19:00,776.53,Wrocław,PL,cash,declined
T30000385,C13775,Jan Kowalski,M33788,2023-12-17 01:28:00,7714.14,Kraków,ES,transfer,APPROVED
T30000386,C355634,Jan Nowak,M27964,2023-09-16 21:45:00,765.11,Wrocław,ES,blik,APPROVED
T30000387,C222393,Ewa Kaczmarek,M16773,2024-02-07 04:07:00,2970.08,Gdańsk,DE,card,APPROVED
T30000388,C408969,Kasia Wojcik,M2920,2023-04-04 04:24:00,565.44,Wrocław,ES,cash,APPROVED
T30000389,C242135,Ewa Kaczmarek,M5640,2024-08-06 21:28:00,79.79,Gdańsk,ES,card,APPROVED
T30000390,C204345,Adam Wisniewski,M49525,2025-08-29 15:02:00,2465.64,Warszawa,DE,cash,pending
T30000391,C196388,Anna Nowak,M25917,2025-08-18 03:35:00,3753.62,Kraków,DE,CARD,pending
T30000392,C406290,Kasia Mazur,M26242,2023-11-08 11:21:00,4543.41,Kraków,ES,card,APPROVED
T30000393,C96499,Jan Nowak,M117,2024-12-10 18:13:00,7235.63,Poznań,IT,transfer,APPROVED
T30000394,C222586,Ewa Mazur,M17744,2024-06-08 01:28:00,6518.41,Warszawa,PL,card,declined
T30000395,C66469,Piotr Kowalski,M4737,2023-04-07 00:41:00,156.48,Gdańsk,ES,CARD,approved
T30000396,C158763,Jan Kowalski,M5969,2025-01-28 02:20:00,466.72,Kraków,PL,transfer,declined
T30000397,C457987,Kasia Kowalski,M25241,2024-03-27 06:44:00,4998.66,Gdańsk,ES,CARD,pending
T30000398,C308852,Ewa Wojcik,M43556,2025-01-06 14:40:00,9494.45,Wrocław,PL,card,pending
T30000399,C466669,Adam Nowak,M25106,2025-02-28 17:44:00,1758.36,Poznań,PL,blik,approved
T30000400,C81318,Jan Wojcik,M4253,2025-08-01 10:43:00,7323.72,Poznań,IT,blik,approved
T30000401,C102650,Tomasz Kaczmarek,M45264,2024-07-28 07:08:00,971.61,Poznań,DE,transfer,declined
T30000402,C307711,Jan Kaczmarek,M3910,2023-01-16 01:06:00,3886.84,Wrocław,ES,transfer,approved
T30000403,C205078,Ewa Kowalski,M2927,2024-06-24 20:55:00,4667.86,Poznań,PL,card,approved
T30000404,C148866,Jan Mazur,M30033,2023-06-30 10:08:00,3721.81,Kraków,FR,transfer,declined
T30000405,C159481,Maria Mazur,M41075,2024-05-18 18:05:00,4566.89,Poznań,PL,CARD,approved
T30000406,C309335,Kasia Mazur,M14369,2024-01-07 12:13:00,3766.79,Wrocław,FR,card,APPROVED
T30000407,C165202,Ewa Wojcik,M43988,2024-08-19 16:51:00,6436.6,Wrocław,DE,cash,declined
T30000408,C289025,Ewa Kaczmarek,M14118,2023-12-21 14:11:00,6085.64,Wrocław,ES,cash,pending
T30000409,C60834,Piotr Mazur,M18419,2024-01-17 22:02:00,3107.54,Warszawa,PL,CARD,approved
T30000410,C226044,Kasia Wisniewski,M34456,2023-09-25 02:00:00,386.74,Gdańsk,DE,transfer,APPROVED
T30000411,C146089,Kasia Wojcik,M36543,2024-04-07 18:43:00,8460.54,Gdańsk,ES,card,approved
T30000412,C476365,Tomasz Wojcik,M35888,2024-03-11 05:49:00,7920.93,Gdańsk,DE,cash,APPROVED
T30000413,C162315,Ewa Kowalski,M44862,2024-11-06 05:25:00,2684.26,Warszawa,DE,card,approved
T30000414,C409813,Anna Nowak,M12673,2025-07-09 15:33:00,9337.43,Gdańsk,ES,CARD,approved
T30000415,C416984,Piotr Kowalski,M18115,2023-05-22 05:47:00,6129.27,Wrocław,DE,card,approved
T30000416,C35771,Ewa Wojcik,M11229,2023-11-11 22:49:00,2989.32,Warszawa,PL,transfer,approved
T30000417,C449581,Tomasz Wisniewski,M28379,2024-03-03 22:15:00,3504.33,Gdańsk,ES,blik,APPROVED
T30000418,C286038,Kasia Mazur,M3373,2024-08-23 17:14:00,7609.93,Gdańsk,DE,transfer,approved
T30000419,C56246,Jan Kaczmarek,M40367,2025-09-22 17:54:00,7177.01,Wrocław,FR,CARD,pending
T30000420,C58913,Adam Nowak,M6043,2024-01-23 16:10:00,7716.07,Wrocław,FR,cash,approved
T30000421,C52774,Kasia Wojcik,M44132,2023-07-05 12:07:00,7969.32,Wrocław,ES,CARD,declined
T30000422,C365176,Jan Kowalski,M43474,2023-05-27 23:02:00,675.41,Kraków,DE,card,declined
T30000423,C217034,Ewa Kowalski,M18788,2024-07-10 07:37:00,4361.89,Gdańsk,DE,CARD,APPROVED
T30000424,C5115,Kasia Wojcik,M3916,2023-03-23 13:32:00,8544.14,Kraków,ES,CARD,pending
T30000425,C356641,Anna Nowak,M22049,2025-02-16 22:52:00,6998.63,Gdańsk,FR,cash,approved
T30000426,C25039,Anna Mazur,M45604,2025-09-10 00:47:00,2706.3,Warszawa,PL,cash,pending
T30000427,C359048,Anna Nowak,M29622,2025-07-21 19:13:00,2482.65,Warszawa,DE,CARD,APPROVED
T30000428,C213823,Piotr Mazur,M29446,2024-01-02 19:21:00,795.83,Warszawa,DE,cash,pending
T30000429,C327153,Tomasz Kaczmarek,M24540,2023-10-11 05:03:00,8581.89,Wrocław,PL,CARD,pending
T30000430,C105694,Tomasz Nowak,M32331,2024-08-12 08:38:00,8546.39,Warszawa,ES,cash,pending
T30000431,C426944,Maria Wojcik,M43655,2023-10-22 04:07:00,534.18,Gdańsk,IT,blik,approved
T30000432,C39925,Maria Wisniewski,M3182,2025-01-31 20:39:00,8881.66,Wrocław,IT,blik,declined
T30000433,C322946,Adam Wojcik,M1995,2024-10-09 16:28:00,9851.82,Wrocław,DE,cash,pending
T30000434,C213644,Maria Wisniewski,M11560,2024-04-18 04:22:00,2797.17,Poznań,PL,cash,declined
T30000435,C417292,Adam Wojcik,M11845,2023-03-05 19:44:00,6950.0,Poznań,ES,card,declined
T30000436,C236989,Maria Wojcik,M24585,2025-02-02 12:42:00,5177.82,Poznań,DE,cash,declined
T30000437,C263495,Anna Nowak,M42029,2023-02-24 21:14:00,5211.42,Warszawa,FR,CARD,approved
T30000438,C382674,Ewa Nowak,M6320,2023-08-17 18:49:00,2878.91,Warszawa,IT,blik,APPROVED
T30000439,C157230,Tomasz Kowalski,M14301,2024-11-03 20:02:00,7324.94,Poznań,ES,transfer,APPROVED
T30000440,C494565,Kasia Wojcik,M18137,2023-10-17 18:15:00,2912.18,Warszawa,IT,transfer,pending
T30000441,C405937,Anna Mazur,M15299,2025-03-03 13:06:00,6364.72,Poznań,IT,CARD,declined
T30000442,C2354,Jan Kaczmarek,M7355,2024-05-03 02:48:00,9836.62,Warszawa,FR,cash,APPROVED
T30000443,C476237,Kasia Wojcik,M26372,2024-03-24 11:16:00,1325.73,Gdańsk,PL,transfer,approved
T30000444,C68335,Kasia Mazur,M29559,2024-11-12 13:36:00,5790.63,Gdańsk,FR,card,APPROVED
T30000445,C184738,Maria Kowalski,M34593,2024-05-31 23:27:00,6410.86,Gdańsk,IT,card,APPROVED
T30000446,C194842,Tomasz Kaczmarek,M10304,2025-05-13 19:26:00,5663.82,Poznań,FR,blik,pending
T30000447,C107423,Adam Mazur,M31241,2025-01-08 20:27:00,6514.79,Kraków,IT,cash,pending
T30000448,C250428,Maria Kowalski,M30883,2025-10-31 09:38:00,1044.79,Gdańsk,FR,card,approved
T30000449,C332158,Ewa Kaczmarek,M31012,2025-06-19 23:03:00,7829.48,Poznań,IT,CARD,pending
T30000450,C444056,Anna Kaczmarek,M39808,2024-03-17 15:15:00,8679.04,Gdańsk,PL,CARD,APPROVED
T30000451,C299604,Ewa Wisniewski,M22036,2025-07-10 10:25:00,5764.76,Wrocław,ES,CARD,approved
T30000452,C318532,Tomasz Wojcik,M27030,2023-08-17 19:19:00,1581.32,Gdańsk,IT,transfer,APPROVED
T30000453,C319809,Tomasz Wojcik,M48024,2024-05-20 01:53:00,9662.96,Gdańsk,DE,transfer,APPROVED
T30000454,C197049,Kasia Wisniewski,M28544,2023-12-23 23:16:00,3424.42,Wrocław,IT,card,APPROVED
T30000455,C412001,Ewa Kowalski,M3808,2024-11-05 01:53:00,522.77,Warszawa,PL,blik,declined
T30000456,C381522,Adam Wisniewski,M18325,2023-03-16 15:39:00,708.5,Gdańsk,ES,cash,pending
T30000457,C430808,Tomasz Nowak,M40693,2023-07-05 18:22:00,7801.48,Warszawa,PL,blik,approved
T30000458,C327078,Kasia Wisniewski,M12632,2023-01-14 21:01:00,6550.97,Wrocław,FR,blik,approved
T30000459,C379036,Adam Wojcik,M32837,2024-10-30 16:49:00,6038.87,Gdańsk,PL,cash,pending
T30000460,C346391,Ewa Wojcik,M13495,2025-04-08 03:43:00,57.28,Warszawa,DE,card,approved
T30000461,C5160,Tomasz Nowak,M49828,2023-11-29 11:12:00,519.52,Kraków,PL,cash,pending
T30000462,C262717,Ewa Nowak,M47197,2024-08-23 02:42:00,9822.78,Poznań,IT,CARD,APPROVED
T30000463,C332339,Maria Wisniewski,M33095,2024-10-14 22:08:00,7994.0,Wrocław,FR,card,APPROVED
T30000464,C263566,Jan Kowalski,M44960,2023-02-01 13:51:00,3235.49,Warszawa,DE,CARD,approved
T30000465,C338339,Maria Wisniewski,M874,2025-02-26 16:02:00,333.63,Wrocław,IT,transfer,declined
T30000466,C413698,Maria Nowak,M1241,2023-02-21 13:53:00,5422.06,Gdańsk,DE,card,APPROVED
T30000467,C492896,Piotr Mazur,M16052,2024-12-03 10:06:00,4948.07,Gdańsk,DE,cash,pending
T30000468,C50344,Adam Kaczmarek,M19868,2024-09-06 16:52:00,548.13,Warszawa,PL,card,pending
T30000469,C494403,Jan Wojcik,M29966,2025-07-24 12:29:00,3422.01,Gdańsk,ES,cash,pending
T30000470,C176599,Jan Wisniewski,M42210,2025-01-30 00:19:00,1108.82,Wrocław,PL,cash,approved
T30000471,C66021,Tomasz Mazur,M23623,2023-11-27 07:21:00,9607.29,Warszawa,IT,CARD,approved
T30000472,C428600,Maria Kowalski,M18901,2024-01-08 22:46:00,639.25,Gdańsk,FR,card,pending
T30000473,C8404,Kasia Kowalski,M12694,2024-04-17 18:02:00,8680.12,Kraków,IT,card,APPROVED
T30000474,C448009,Adam Kaczmarek,M442,2024-08-06 13:40:00,2519.67,Gdańsk,ES,cash,pending
T30000475,C136020,Ewa Wojcik,M6932,2024-07-05 06:40:00,5333.09,Warszawa,FR,cash,approved
T30000476,C255911,Ewa Wojcik,M26289,2023-12-04 00:49:00,6886.44,Poznań,FR,transfer,approved
T30000477,C257912,Maria Kaczmarek,M25182,2024-08-21 11:30:00,5165.7,Poznań,FR,blik,declined
T30000478,C124944,Tomasz Mazur,M17808,2024-09-03 17:23:00,8822.31,Warszawa,ES,blik,APPROVED
T30000479,C47119,Jan Wojcik,M45304,2025-01-16 23:38:00,3742.84,Warszawa,DE,blik,declined
T30000480,C15488,Kasia Kaczmarek,M11966,2025-07-21 06:01:00,9268.14,Gdańsk,DE,transfer,APPROVED
T30000481,C267314,Kasia Wojcik,M3240,2023-05-16 05:10:00,593.07,Wrocław,PL,blik,APPROVED
T30000482,C354355,Maria Wisniewski,M21138,2023-09-02 15:46:00,6194.8,Kraków,IT,transfer,declined
T30000483,C180607,Kasia Kowalski,M37766,2024-04-04 09:33:00,1241.99,Gdańsk,FR,blik,approved
T30000484,C111253,Piotr Kowalski,M44823,2024-11-26 01:06:00,2052.55,Warszawa,FR,cash,APPROVED
T30000485,C349195,Anna Kowalski,M31805,2024-08-28 14:56:00,1106.36,Kraków,PL,blik,pending
T30000486,C278940,Kasia Mazur,M16867,2025-01-27 10:22:00,3758.48,Gdańsk,ES,CARD,declined
T30000487,C227075,Adam Nowak,M11290,2025-03-06 23:01:00,2253.11,Warszawa,IT,card,APPROVED
T30000488,C232842,Kasia Kowalski,M47046,2023-03-11 02:26:00,5599.87,Poznań,FR,transfer,approved
T30000489,C97013,Kasia Nowak,M14502,2024-03-28 10:59:00,4940.87,Kraków,IT,blik,approved
T30000490,C202625,Tomasz Wojcik,M31146,2023-01-22 02:43:00,8616.21,Poznań,IT,cash,APPROVED
T30000491,C244584,Adam Wojcik,M38847,2025-07-21 15:14:00,4772.12,Kraków,DE,cash,APPROVED
T30000492,C36776,Piotr Wojcik,M8819,2023-10-14 07:09:00,6056.26,Wrocław,IT,transfer,approved
T30000493,C328076,Ewa Kowalski,M24000,2024-04-10 23:26:00,4590.29,Warszawa,FR,blik,declined
T30000494,C125836,Jan Wojcik,M39787,2025-04-23 17:39:00,1156.8,Poznań,IT,card,declined
T30000495,C94319,Tomasz Kowalski,M26320,2025-04-03 00:10:00,6428.64,Gdańsk,PL,transfer,APPROVED
T30000496,C178268,Anna Mazur,M28616,2025-02-21 17:55:00,6569.09,Gdańsk,PL,transfer,declined
T30000497,C481317,Kasia Kowalski,M47704,2023-10-01 01:24:00,8726.36,Gdańsk,PL,card,APPROVED
T30000498,C346957,Ewa Nowak,M44892,2023-12-22 02:27:00,8446.25,Gdańsk,DE,blik,APPROVED
T30000499,C230441,Anna Nowak,M2172,2024-11-25 18:11:00,3175.86,Wrocław,DE,CARD,approved
T30000500,C425545,Adam Nowak,M48263,2023-08-20 13:35:00,8770.97,Kraków,ES,blik,approved
T30000501,C59890,Anna Wojcik,M16144,2023-05-13 06:06:00,802.23,Poznań,FR,CARD,pending
T30000502,C50247,Adam Nowak,M19974,2023-11-26 09:50:00,2665.61,Kraków,PL,transfer,declined
T30000503,C271664,Ewa Kowalski,M36253,2023-05-29 17:57:00,2038.52,Poznań,PL,blik,approved
T30000504,C177540,Kasia Kaczmarek,M43522,2023-10-20 21:26:00,6005.93,Kraków,DE,transfer,APPROVED
T30000505,C27325,Tomasz Kaczmarek,M20510,2024-05-21 03:52:00,2843.2,Warszawa,ES,blik,pending
T30000506,C206787,Anna Mazur,M5690,2025-10-09 04:54:00,4927.95,Kraków,DE,cash,approved
T30000507,C36294,Tomasz Wisniewski,M8332,2023-04-11 10:49:00,8162.98,Kraków,ES,card,pending
T30000508,C171770,Piotr Wojcik,M46420,2024-02-25 01:10:00,8999.08,Gdańsk,PL,cash,APPROVED
T30000509,C481137,Jan Wojcik,M20132,2023-08-06 15:32:00,4470.11,Gdańsk,IT,transfer,pending
T30000510,C230600,Adam Wojcik,M39794,2023-01-19 17:18:00,2647.07,Wrocław,FR,cash,approved
T30000511,C72704,Maria Kaczmarek,M18352,2023-06-06 07:13:00,6895.17,Poznań,PL,transfer,APPROVED
T30000512,C236238,Piotr Wisniewski,M47614,2023-03-03 22:28:00,1042.74,Poznań,PL,CARD,pending
T30000513,C127974,Jan Mazur,M43991,2024-08-08 00:20:00,6299.52,Poznań,DE,blik,declined
T30000514,C447288,Maria Wisniewski,M17184,2023-01-10 01:09:00,849.48,Poznań,ES,card,approved
T30000515,C469140,Maria Wisniewski,M13967,2025-07-10 22:22:00,5007.32,Kraków,FR,cash,declined
T30000516,C422986,Anna Mazur,M16941,2025-08-11 14:45:00,9560.34,Warszawa,IT,blik,declined
T30000517,C475926,Jan Kowalski,M3281,2023-04-21 17:46:00,7268.26,Poznań,ES,cash,approved
T30000518,C252938,Jan Kaczmarek,M16674,2025-09-10 10:32:00,7058.6,Gdańsk,ES,transfer,pending
T30000519,C495359,Tomasz Wojcik,M23742,2024-06-24 04:27:00,3754.57,Warszawa,IT,transfer,declined
T30000520,C384015,Jan Kaczmarek,M43104,2024-04-13 10:20:00,4556.34,Kraków,PL,transfer,declined
T30000521,C164734,Adam Wojcik,M16401,2025-10-24 12:00:00,5479.57,Poznań,ES,transfer,approved
T30000522,C32231,Piotr Kaczmarek,M34372,2025-02-10 04:26:00,5161.66,Wrocław,FR,blik,declined
T30000523,C130053,Anna Kowalski,M2608,2023-10-30 12:41:00,3640.81,Gdańsk,FR,blik,approved
T30000524,C338931,Jan Mazur,M25431,2023-08-18 13:06:00,2410.49,Gdańsk,DE,cash,approved
T30000525,C266043,Jan Wisniewski,M23655,2023-07-14 17:36:00,8190.91,Warszawa,DE,CARD,declined
T30000526,C237569,Tomasz Nowak,M19684,2024-04-30 19:00:00,1561.16,Warszawa,ES,CARD,pending
T30000527,C436778,Kasia Kowalski,M42919,2025-03-03 21:53:00,7961.02,Kraków,PL,CARD,APPROVED
T30000528,C472547,Jan Kaczmarek,M49737,2025-06-12 12:20:00,1561.71,Gdańsk,IT,blik,declined
T30000529,C399285,Kasia Wisniewski,M19383,2025-02-02 03:08:00,261.88,Kraków,FR,transfer,pending
T30000530,C386753,Tomasz Kowalski,M40688,2023-08-28 15:30:00,2066.88,Gdańsk,ES,cash,declined
T30000531,C488854,Adam Nowak,M24128,2024-04-25 23:35:00,1884.34,Kraków,IT,cash,pending
T30000532,C296591,Maria Wisniewski,M27310,2023-05-26 01:48:00,8897.76,Poznań,IT,cash,declined
T30000533,C467941,Anna Kowalski,M43108,2024-04-06 16:56:00,3508.75,Gdańsk,PL,card,pending
T30000534,C62558,Anna Kaczmarek,M43544,2023-09-30 13:01:00,4225.36,Gdańsk,PL,transfer,declined
T30000535,C365865,Adam Mazur,M36635,2023-03-15 15:47:00,9318.3,Wrocław,IT,CARD,approved
T30000536,C486159,Adam Kowalski,M11744,2025-01-11 10:54:00,3868.13,Kraków,DE,cash,approved
T30000537,C102719,Piotr Mazur,M42546,2025-07-26 13:26:00,321.32,Wrocław,PL,CARD,approved
T30000538,C374265,Ewa Nowak,M5992,2023-07-15 22:22:00,1892.9,Gdańsk,DE,blik,pending
T30000539,C456101,Piotr Wisniewski,M26902,2023-05-04 11:49:00,6552.3,Gdańsk,IT,transfer,APPROVED
T30000540,C496990,Tomasz Wisniewski,M23788,2025-07-12 00:51:00,9492.45,Wrocław,ES,cash,declined
T30000541,C20597,Piotr Wojcik,M46914,2024-02-08 21:00:00,457.94,Wrocław,DE,CARD,pending
T30000542,C213634,Jan Wisniewski,M8769,2025-02-12 14:21:00,1494.48,Kraków,DE,CARD,pending
T30000543,C141989,Ewa Kaczmarek,M11938,2024-09-12 10:13:00,5105.33,Poznań,FR,cash,approved
T30000544,C19093,Jan Kaczmarek,M49825,2024-12-23 18:46:00,2528.17,Warszawa,FR,blik,APPROVED
T30000545,C357336,Jan Nowak,M13044,2023-12-28 08:31:00,8365.28,Poznań,FR,card,approved
T30000546,C179442,Maria Kowalski,M32104,2025-06-01 09:07:00,3487.31,Warszawa,ES,card,pending
T30000547,C231503,Tomasz Kowalski,M25242,2025-07-26 19:38:00,6441.13,Kraków,DE,card,declined
T30000548,C292994,Jan Wisniewski,M40163,2025-02-01 14:15:00,9604.46,Kraków,FR,cash,approved
T30000549,C205471,Anna Mazur,M20836,2023-07-10 01:02:00,8484.48,Poznań,IT,transfer,declined
T30000550,C155708,Anna Kowalski,M16101,2023-06-28 14:17:00,1916.08,Poznań,IT,CARD,pending
T30000551,C124204,Piotr Wisniewski,M7110,2023-05-18 17:15:00,2692.74,Poznań,IT,CARD,declined
T30000552,C358806,Tomasz Mazur,M3428,2023-08-06 11:00:00,1866.26,Warszawa,PL,card,pending
T30000553,C311803,Piotr Kaczmarek,M2296,2024-03-24 06:43:00,5821.39,Warszawa,IT,transfer,declined
T30000554,C56363,Piotr Nowak,M17177,2023-12-11 14:59:00,2587.67,Kraków,FR,transfer,APPROVED
T30000555,C344584,Piotr Kowalski,M48905,2023-12-22 21:19:00,869.11,Poznań,FR,transfer,approved
T30000556,C348385,Tomasz Wojcik,M1179,2024-05-13 01:18:00,73.2,Wrocław,ES,card,APPROVED
T30000557,C165654,Jan Mazur,M40042,2023-07-02 10:33:00,7072.99,Warszawa,FR,card,approved
T30000558,C466166,Jan Wisniewski,M22528,2024-01-23 15:07:00,5305.09,Poznań,ES,transfer,APPROVED
T30000559,C404858,Anna Wojcik,M9908,2025-05-13 06:11:00,4629.1,Warszawa,PL,CARD,approved
T30000560,C163835,Adam Kowalski,M10460,2024-01-14 12:23:00,1253.3,Gdańsk,FR,transfer,declined
T30000561,C70668,Anna Wisniewski,M39731,2023-11-08 04:49:00,2836.05,Kraków,IT,cash,APPROVED
T30000562,C309492,Piotr Wisniewski,M32394,2024-05-16 20:27:00,9157.37,Poznań,IT,blik,declined
T30000563,C173424,Adam Kaczmarek,M5814,2025-03-12 14:21:00,2662.17,Poznań,IT,blik,approved
T30000564,C357976,Maria Wisniewski,M44993,2024-08-06 17:11:00,6787.83,Poznań,DE,CARD,APPROVED
T30000565,C474664,Tomasz Wojcik,M38171,2025-02-11 11:09:00,9158.05,Gdańsk,ES,blik,approved
T30000566,C428395,Kasia Wojcik,M47758,2024-11-19 08:03:00,835.18,Poznań,PL,card,approved
T30000567,C357788,Maria Kowalski,M23956,2025-07-08 17:05:00,7075.42,Kraków,IT,cash,declined
T30000568,C377969,Anna Kaczmarek,M34990,2023-08-08 11:16:00,2026.76,Wrocław,IT,blik,declined
T30000569,C30981,Maria Nowak,M18220,2023-03-17 07:29:00,2221.59,Wrocław,DE,card,pending
T30000570,C118243,Piotr Kowalski,M24183,2025-04-14 09:46:00,2206.05,Kraków,DE,CARD,pending
T30000571,C436998,Maria Wojcik,M11854,2023-07-13 03:55:00,7452.85,Gdańsk,FR,card,pending
T30000572,C284931,Tomasz Wojcik,M40444,2023-04-06 10:40:00,3792.59,Wrocław,PL,transfer,pending
T30000573,C447413,Maria Wojcik,M21386,2024-12-09 08:43:00,3095.22,Poznań,ES,CARD,declined
T30000574,C365550,Kasia Wisniewski,M4919,2023-01-17 10:36:00,8730.28,Gdańsk,IT,transfer,pending
T30000575,C313874,Kasia Nowak,M42560,2023-03-16 06:52:00,1781.75,Kraków,ES,transfer,APPROVED
T30000576,C28249,Piotr Kaczmarek,M9437,2024-04-12 20:17:00,2302.03,Poznań,PL,blik,declined
T30000577,C463382,Tomasz Wojcik,M22423,2025-01-26 13:12:00,4490.8,Kraków,PL,cash,pending
T30000578,C230308,Maria Wisniewski,M39059,2023-10-10 03:16:00,9963.41,Warszawa,PL,transfer,APPROVED
T30000579,C183359,Kasia Nowak,M29916,2023-09-26 17:24:00,4185.09,Warszawa,PL,card,approved
T30000580,C241640,Kasia Kaczmarek,M11423,2025-02-18 09:02:00,9216.08,Poznań,PL,cash,pending
T30000581,C350338,Anna Nowak,M47087,2023-05-07 06:09:00,8279.96,Wrocław,PL,blik,pending
T30000582,C230216,Jan Wisniewski,M34318,2023-02-21 19:38:00,3804.01,Kraków,IT,CARD,declined
T30000583,C108225,Jan Wisniewski,M27821,2024-12-18 16:41:00,6639.48,Poznań,IT,transfer,declined
T30000584,C1861,Adam Kowalski,M161,2025-06-06 18:47:00,2397.88,Wrocław,DE,transfer,APPROVED
T30000585,C318395,Ewa Mazur,M28475,2024-12-11 04:41:00,1092.98,Poznań,IT,CARD,approved
T30000586,C3253,Ewa Wisniewski,M31538,2025-08-22 08:24:00,6554.96,Poznań,ES,cash,approved
T30000587,C281007,Ewa Kaczmarek,M45267,2024-04-01 20:29:00,9188.16,Poznań,IT,transfer,declined
T30000588,C139243,Maria Kaczmarek,M28141,2024-04-07 06:45:00,5803.6,Poznań,DE,transfer,declined
T30000589,C154478,Ewa Kowalski,M34641,2024-01-21 23:42:00,5924.97,Gdańsk,FR,card,pending
T30000590,C36050,Kasia Wisniewski,M23160,2024-08-25 07:34:00,3504.2,Gdańsk,IT,CARD,approved
T30000591,C163265,Jan Kaczmarek,M41572,2023-01-29 05:52:00,4716.32,Wrocław,IT,CARD,APPROVED
T30000592,C43877,Adam Kaczmarek,M21405,2023-07-03 19:40:00,4591.81,Gdańsk,PL,card,pending
T30000593,C359510,Maria Mazur,M4887,2024-10-21 18:30:00,5991.9,Warszawa,DE,CARD,pending
T30000594,C168297,Maria Wojcik,M27189,2023-10-17 16:25:00,5974.12,Poznań,ES,blik,pending
T30000595,C376230,Jan Mazur,M45548,2025-01-22 03:07:00,4133.22,Gdańsk,FR,blik,approved
T30000596,C313131,Maria Nowak,M15416,2024-12-17 08:34:00,2359.06,Poznań,PL,card,pending
T30000597,C339607,Piotr Nowak,M17954,2023-12-12 05:50:00,7239.77,Kraków,DE,transfer,pending
T30000598,C377930,Piotr Wisniewski,M5609,2025-04-27 19:42:00,5194.32,Gdańsk,IT,transfer,pending
T30000599,C89024,Maria Nowak,M43119,2024-07-30 08:23:00,5461.6,Wrocław,ES,blik,declined
T30000600,C218866,Ewa Kaczmarek,M23173,2025-06-26 11:52:00,5304.45,Warszawa,ES,cash,approved
T30000601,C113256,Piotr Wojcik,M41105,2024-08-26 22:12:00,3163.58,Kraków,FR,card,declined
T30000602,C245472,Maria Kowalski,M115,2024-05-13 12:44:00,5676.45,Warszawa,IT,CARD,declined
T30000603,C216467,Maria Wojcik,M45816,2023-08-14 22:32:00,1369.98,Kraków,PL,CARD,approved
T30000604,C250161,Jan Wisniewski,M31778,2025-04-04 04:25:00,7599.34,Warszawa,FR,card,approved
T30000605,C113078,Piotr Kaczmarek,M29476,2024-11-02 13:29:00,553.28,Kraków,ES,cash,pending
T30000606,C32102,Ewa Wojcik,M10231,2023-11-01 11:31:00,5008.28,Poznań,PL,transfer,declined
T30000607,C425104,Ewa Nowak,M31345,2025-08-23 04:24:00,6287.63,Wrocław,IT,cash,APPROVED
T30000608,C120404,Adam Wojcik,M5147,2024-11-26 08:19:00,3623.13,Warszawa,DE,cash,approved
T30000609,C105226,Maria Wisniewski,M22663,2024-11-10 20:08:00,7103.27,Poznań,FR,cash,approved
T30000610,C487733,Piotr Kaczmarek,M31271,2024-05-21 12:16:00,5589.78,Poznań,PL,transfer,pending
T30000611,C89127,Tomasz Nowak,M34648,2023-03-04 18:33:00,2826.64,Kraków,IT,transfer,pending
T30000612,C179617,Kasia Nowak,M44792,2024-12-07 07:26:00,3305.45,Warszawa,ES,blik,approved
T30000613,C360514,Adam Kaczmarek,M25268,2023-01-17 09:04:00,9071.44,Warszawa,ES,blik,declined
T30000614,C466499,Maria Nowak,M14777,2023-01-24 15:43:00,9924.22,Gdańsk,IT,cash,approved
T30000615,C6142,Piotr Wojcik,M3744,2025-04-25 01:57:00,1772.03,Gdańsk,FR,cash,approved
T30000616,C201555,Jan Kowalski,M45992,2025-05-03 05:03:00,6360.99,Gdańsk,FR,transfer,approved
T30000617,C14152,Adam Wisniewski,M8082,2025-06-12 19:06:00,8814.82,Gdańsk,PL,blik,APPROVED
T30000618,C34196,Jan Nowak,M29028,2024-10-12 23:56:00,7942.79,Wrocław,PL,cash,approved
T30000619,C162474,Maria Kaczmarek,M44301,2024-02-21 06:44:00,9599.86,Warszawa,IT,transfer,approved
T30000620,C498657,Tomasz Kowalski,M11376,2024-12-07 12:21:00,3943.88,Wrocław,FR,blik,approved
T30000621,C5623,Kasia Nowak,M44666,2023-02-11 03:28:00,3486.88,Warszawa,DE,blik,pending
T30000622,C6346,Maria Kowalski,M25255,2023-11-13 02:40:00,1261.11,Wrocław,ES,transfer,pending
T30000623,C220552,Jan Mazur,M39306,2024-05-02 01:13:00,3180.63,Warszawa,FR,cash,APPROVED
T30000624,C61902,Anna Wisniewski,M25065,2024-12-11 23:39:00,6298.9,Wrocław,PL,blik,APPROVED
T30000625,C472206,Piotr Wojcik,M34782,2024-04-25 21:02:00,8638.9,Warszawa,FR,blik,declined
T30000626,C206963,Adam Wojcik,M29972,2023-05-30 15:02:00,9922.16,Poznań,ES,CARD,approved
T30000627,C450218,Adam Kaczmarek,M6521,2025-06-27 03:40:00,3166.23,Gdańsk,FR,CARD,declined
T30000628,C370733,Maria Kowalski,M33299,2023-02-10 05:22:00,9565.38,Poznań,ES,CARD,APPROVED
T30000629,C444844,Piotr Wojcik,M23533,2024-05-15 17:12:00,2375.74,Gdańsk,FR,CARD,declined
T30000630,C136140,Jan Kowalski,M16754,2025-08-10 17:56:00,9033.39,Wrocław,FR,blik,declined
T30000631,C241999,Maria Wisniewski,M16221,2024-05-11 06:27:00,5268.03,Warszawa,ES,transfer,APPROVED
T30000632,C290300,Ewa Wojcik,M28384,2024-02-03 13:23:00,478.33,Poznań,PL,card,APPROVED
T30000633,C14500,Tomasz Mazur,M7832,2023-09-20 13:26:00,5927.5,Kraków,ES,cash,APPROVED
T30000634,C359538,Ewa Mazur,M419,2023-07-11 22:40:00,3520.91,Gdańsk,ES,CARD,declined
T30000635,C82500,Ewa Wisniewski,M49065,2024-05-07 05:34:00,9316.17,Wrocław,DE,cash,approved
T30000636,C464617,Piotr Mazur,M13556,2023-06-27 07:51:00,9719.37,Wrocław,DE,CARD,declined
T30000637,C296021,Maria Wisniewski,M40527,2024-09-30 20:45:00,2927.2,Wrocław,PL,blik,approved
T30000638,C135058,Anna Mazur,M39413,2024-11-24 18:34:00,2612.78,Gdańsk,DE,card,APPROVED
T30000639,C45822,Maria Wisniewski,M29838,2025-02-17 17:25:00,3107.25,Poznań,PL,transfer,declined
T30000640,C143944,Tomasz Kaczmarek,M20111,2024-01-08 20:31:00,647.01,Gdańsk,PL,CARD,approved
T30000641,C456185,Anna Wisniewski,M2013,2024-05-04 16:09:00,5126.34,Poznań,PL,cash,approved
T30000642,C138273,Tomasz Nowak,M13581,2024-04-06 18:43:00,4955.27,Wrocław,IT,transfer,pending
T30000643,C472950,Tomasz Kaczmarek,M961,2025-06-09 03:45:00,7018.89,Gdańsk,IT,blik,APPROVED
T30000644,C152485,Tomasz Wisniewski,M27339,2023-06-09 16:38:00,4093.1,Wrocław,PL,cash,pending
T30000645,C275922,Adam Kaczmarek,M19145,2024-08-31 00:52:00,292.56,Gdańsk,FR,transfer,declined
T30000646,C164778,Tomasz Mazur,M46607,2023-08-24 04:40:00,4920.54,Kraków,IT,card,declined
T30000647,C195518,Ewa Kowalski,M1106,2023-09-23 01:54:00,4200.25,Kraków,ES,transfer,approved
T30000648,C471795,Tomasz Wisniewski,M32810,2023-11-30 03:45:00,2058.39,Poznań,IT,transfer,declined
T30000649,C84026,Jan Mazur,M21233,2024-04-10 01:51:00,6286.68,Wrocław,PL,CARD,declined
T30000650,C334464,Kasia Kowalski,M1476,2024-01-18 04:22:00,3449.53,Gdańsk,FR,CARD,APPROVED
T30000651,C183318,Tomasz Wisniewski,M33986,2023-04-30 05:45:00,8275.95,Kraków,PL,cash,approved
T30000652,C492848,Jan Mazur,M46799,2024-10-07 18:03:00,5457.07,Gdańsk,ES,cash,APPROVED
T30000653,C153718,Adam Kowalski,M27431,2023-10-19 11:22:00,6021.05,Warszawa,ES,cash,declined
T30000654,C468220,Adam Nowak,M6790,2024-06-08 19:19:00,7010.04,Warszawa,PL,cash,declined
T30000655,C266653,Kasia Wojcik,M12749,2023-03-13 07:42:00,2383.91,Wrocław,DE,CARD,declined
T30000656,C322926,Jan Nowak,M11619,2025-02-03 21:29:00,1915.08,Poznań,ES,cash,approved
T30000657,C392194,Tomasz Nowak,M6279,2025-01-24 21:26:00,7923.17,Poznań,DE,card,approved
T30000658,C265987,Kasia Kaczmarek,M49393,2023-07-18 07:14:00,2006.75,Warszawa,IT,transfer,approved
T30000659,C473294,Anna Nowak,M33435,2024-07-25 22:55:00,9352.76,Poznań,PL,blik,approved
T30000660,C412592,Anna Mazur,M5257,2024-03-19 07:21:00,934.8,Wrocław,DE,cash,approved
T30000661,C343830,Kasia Wojcik,M37338,2025-10-24 00:18:00,73.23,Gdańsk,PL,CARD,pending
T30000662,C252321,Adam Mazur,M42416,2025-03-05 14:00:00,4197.74,Poznań,FR,transfer,APPROVED
T30000663,C469284,Kasia Kowalski,M36601,2024-03-13 21:58:00,6113.54,Kraków,PL,card,approved
T30000664,C8962,Ewa Wisniewski,M15450,2024-12-23 13:37:00,6380.76,Poznań,FR,CARD,pending
T30000665,C193060,Adam Wojcik,M21268,2023-03-15 17:48:00,4595.6,Warszawa,DE,card,approved
T30000666,C169594,Maria Mazur,M29285,2025-04-24 23:17:00,2325.55,Warszawa,DE,CARD,pending
T30000667,C136402,Ewa Wojcik,M422,2024-12-11 01:58:00,7315.41,Warszawa,IT,transfer,pending
T30000668,C6254,Kasia Mazur,M21873,2023-09-29 16:08:00,4780.71,Gdańsk,DE,cash,pending
T30000669,C476284,Jan Mazur,M42154,2025-05-09 23:45:00,3155.67,Wrocław,IT,CARD,APPROVED
T30000670,C172919,Adam Mazur,M31670,2025-07-23 07:38:00,1045.46,Gdańsk,FR,cash,approved
T30000671,C459680,Piotr Kowalski,M1037,2024-07-31 09:14:00,3384.64,Gdańsk,PL,blik,APPROVED
T30000672,C324562,Adam Mazur,M18085,2023-11-07 02:59:00,1982.79,Poznań,ES,CARD,declined
T30000673,C302217,Jan Kaczmarek,M45425,2025-07-21 02:48:00,4276.76,Wrocław,DE,card,declined
T30000674,C481972,Kasia Nowak,M9596,2025-09-17 22:44:00,136.09,Gdańsk,IT,cash,declined
T30000675,C446148,Piotr Wojcik,M18991,2023-11-24 15:32:00,3769.8,Kraków,ES,cash,APPROVED
T30000676,C419089,Tomasz Wojcik,M45508,2023-09-30 07:14:00,2878.17,Warszawa,ES,cash,pending
T30000677,C458592,Maria Mazur,M4388,2025-07-21 00:48:00,9248.4,Gdańsk,DE,card,declined
T30000678,C302512,Kasia Kowalski,M21289,2024-08-25 04:20:00,1710.45,Poznań,DE,transfer,APPROVED
T30000679,C234181,Piotr Wojcik,M21221,2023-10-16 06:12:00,6738.75,Gdańsk,IT,blik,declined
T30000680,C296766,Kasia Kowalski,M24434,2023-11-29 22:59:00,5087.83,Wrocław,ES,CARD,APPROVED
T30000681,C405339,Adam Kaczmarek,M23023,2023-02-11 12:40:00,9879.35,Kraków,PL,transfer,declined
T30000682,C427583,Piotr Wojcik,M20633,2025-04-22 16:33:00,4448.76,Wrocław,DE,cash,APPROVED
T30000683,C298683,Piotr Mazur,M7967,2023-09-02 22:22:00,3983.32,Kraków,DE,blik,APPROVED
T30000684,C266446,Jan Mazur,M1114,2023-05-09 21:37:00,1356.69,Poznań,FR,CARD,approved
T30000685,C398839,Jan Nowak,M41998,2025-09-06 20:05:00,5977.37,Wrocław,DE,card,APPROVED
T30000686,C155823,Ewa Kaczmarek,M2980,2024-01-21 00:03:00,4044.76,Poznań,PL,blik,approved
T30000687,C286164,Anna Wojcik,M5433,2024-10-18 07:49:00,2782.07,Gdańsk,FR,blik,declined
T30000688,C229961,Ewa Wojcik,M10446,2025-08-07 16:29:00,4469.81,Gdańsk,DE,transfer,approved
T30000689,C178284,Jan Nowak,M13613,2025-03-21 09:03:00,3913.24,Warszawa,FR,blik,pending
T30000690,C48450,Kasia Wojcik,M24022,2023-06-09 07:55:00,3616.43,Poznań,IT,cash,approved
T30000691,C461570,Jan Wisniewski,M42008,2023-05-19 11:12:00,8490.76,Wrocław,FR,cash,pending
T30000692,C116184,Tomasz Wisniewski,M24994,2023-05-25 12:47:00,6786.53,Wrocław,PL,CARD,pending
T30000693,C474767,Maria Kaczmarek,M48443,2025-07-17 11:21:00,5924.44,Kraków,ES,cash,approved
T30000694,C74582,Piotr Nowak,M35239,2025-05-19 12:19:00,4229.41,Warszawa,FR,blik,APPROVED
T30000695,C44721,Kasia Wojcik,M38561,2023-10-06 18:53:00,3633.16,Wrocław,DE,cash,APPROVED
T30000696,C426718,Jan Kaczmarek,M9559,2024-06-07 08:41:00,894.86,Poznań,ES,blik,APPROVED
T30000697,C447822,Adam Wisniewski,M11492,2024-08-06 09:55:00,8045.18,Kraków,DE,cash,pending
T30000698,C193004,Piotr Wisniewski,M12858,2025-05-12 01:00:00,2303.94,Warszawa,FR,blik,APPROVED
T30000699,C380288,Anna Kowalski,M39060,2024-02-22 00:43:00,2669.92,Kraków,PL,CARD,approved
T30000700,C399466,Tomasz Kowalski,M41165,2024-07-01 04:12:00,8107.48,Gdańsk,ES,card,APPROVED
T30000701,C448903,Anna Mazur,M48586,2024-09-15 04:16:00,5893.7,Warszawa,FR,CARD,declined
T30000702,C148457,Tomasz Wojcik,M35394,2025-09-08 16:04:00,6371.5,Wrocław,ES,CARD,approved
T30000703,C145280,Piotr Kaczmarek,M11549,2024-04-08 17:33:00,1371.5,Poznań,IT,card,declined
T30000704,C53161,Ewa Wojcik,M2796,2023-07-27 17:07:00,9291.15,Poznań,ES,blik,APPROVED
T30000705,C60824,Adam Nowak,M18068,2024-08-22 20:32:00,8500.53,Wrocław,DE,card,approved
T30000706,C16054,Ewa Wisniewski,M43223,2025-03-20 06:04:00,1683.14,Gdańsk,IT,blik,pending
T30000707,C417293,Piotr Kaczmarek,M37354,2024-03-17 00:06:00,3134.34,Kraków,DE,transfer,approved
T30000708,C284471,Jan Wisniewski,M38002,2023-11-27 18:08:00,5407.78,Kraków,DE,blik,declined
T30000709,C203348,Kasia Nowak,M26909,2023-06-28 22:43:00,4171.25,Wrocław,IT,blik,pending
T30000710,C80958,Tomasz Kowalski,M36997,2023-11-29 11:16:00,5256.55,Wrocław,ES,transfer,declined
T30000711,C423880,Maria Wisniewski,M41824,2025-10-25 18:16:00,4400.53,Wrocław,FR,CARD,pending
T30000712,C98251,Adam Mazur,M20236,2024-02-04 22:25:00,8621.53,Wrocław,ES,card,approved
T30000713,C337286,Ewa Nowak,M1689,2024-08-29 05:38:00,8447.29,Poznań,FR,cash,declined
T30000714,C41754,Adam Nowak,M33589,2023-11-30 17:53:00,6093.5,Wrocław,ES,blik,approved
T30000715,C347593,Ewa Mazur,M11802,2023-07-15 08:55:00,3628.95,Kraków,DE,transfer,APPROVED
T30000716,C310132,Maria Mazur,M14686,2023-07-07 13:09:00,3071.57,Gdańsk,PL,card,pending
T30000717,C395904,Maria Wojcik,M18074,2025-08-18 06:01:00,2619.13,Kraków,FR,CARD,declined
T30000718,C199010,Maria Wojcik,M28344,2023-07-31 13:10:00,5597.08,Warszawa,FR,cash,APPROVED
T30000719,C165003,Adam Nowak,M17952,2025-08-05 20:36:00,3187.16,Gdańsk,PL,cash,declined
T30000720,C389839,Anna Kowalski,M27225,2023-12-10 14:37:00,259.06,Poznań,IT,blik,pending
T30000721,C137329,Anna Kaczmarek,M38533,2025-03-16 06:12:00,7415.66,Poznań,IT,card,approved
T30000722,C329857,Maria Wojcik,M8930,2024-10-09 04:15:00,8160.51,Warszawa,FR,CARD,declined
T30000723,C447080,Maria Nowak,M39474,2023-05-03 09:41:00,9285.11,Gdańsk,IT,cash,declined
T30000724,C273888,Kasia Wisniewski,M18496,2023-03-12 09:08:00,6444.46,Poznań,DE,cash,declined
T30000725,C126807,Anna Kowalski,M29494,2024-08-03 00:51:00,9456.29,Warszawa,ES,blik,APPROVED
T30000726,C211533,Piotr Wisniewski,M32468,2023-02-10 11:41:00,7722.23,Warszawa,FR,card,APPROVED
T30000727,C31322,Tomasz Mazur,M23583,2024-05-15 22:50:00,9940.73,Poznań,ES,blik,APPROVED
T30000728,C90209,Tomasz Kaczmarek,M31857,2024-01-19 01:05:00,2496.56,Gdańsk,DE,transfer,APPROVED
T30000729,C301989,Ewa Wisniewski,M4807,2025-02-01 20:09:00,2716.82,Poznań,DE,blik,approved
T30000730,C124629,Jan Nowak,M20504,2024-08-25 15:03:00,1302.45,Wrocław,FR,transfer,approved
T30000731,C495942,Anna Kowalski,M24654,2024-03-06 00:28:00,1807.11,Poznań,DE,CARD,APPROVED
T30000732,C327817,Tomasz Kaczmarek,M33262,2023-09-16 21:15:00,8475.77,Wrocław,PL,CARD,declined
T30000733,C18030,Maria Nowak,M14353,2023-11-07 09:49:00,6515.11,Gdańsk,IT,blik,pending
T30000734,C224322,Kasia Kaczmarek,M11156,2025-05-24 12:08:00,1599.88,Poznań,FR,cash,declined
T30000735,C230658,Maria Wojcik,M18621,2024-10-16 20:57:00,4471.08,Warszawa,PL,card,pending
T30000736,C219631,Kasia Kowalski,M7181,2025-02-05 14:21:00,6404.45,Gdańsk,IT,transfer,declined
T30000737,C182092,Adam Nowak,M29689,2024-09-09 06:23:00,5836.88,Gdańsk,DE,cash,APPROVED
T30000738,C242666,Ewa Kaczmarek,M27394,2023-04-13 01:21:00,5623.71,Poznań,FR,transfer,pending
T30000739,C376606,Ewa Kaczmarek,M37193,2023-09-09 11:52:00,2875.87,Wrocław,IT,card,APPROVED
T30000740,C318984,Ewa Kaczmarek,M24489,2023-09-13 13:19:00,9668.27,Poznań,DE,blik,APPROVED
T30000741,C408383,Tomasz Wojcik,M28226,2024-06-22 18:34:00,7476.68,Poznań,PL,blik,declined
T30000742,C385143,Tomasz Kowalski,M28118,2023-03-13 21:36:00,1726.63,Wrocław,ES,card,pending
T30000743,C329078,Tomasz Wisniewski,M30795,2023-12-22 18:07:00,384.85,Warszawa,IT,card,approved
T30000744,C350198,Anna Nowak,M18499,2025-05-29 05:36:00,6666.95,Gdańsk,FR,blik,pending
T30000745,C6756,Kasia Nowak,M42583,2023-12-19 04:51:00,4649.28,Poznań,ES,transfer,APPROVED
T30000746,C23558,Ewa Wisniewski,M11997,2025-06-04 15:10:00,8994.33,Warszawa,PL,card,APPROVED
T30000747,C52472,Piotr Wojcik,M9796,2023-06-24 10:02:00,7258.61,Poznań,FR,card,approved
T30000748,C226878,Jan Wojcik,M47926,2024-09-17 11:39:00,6437.32,Kraków,IT,cash,APPROVED
T30000749,C196734,Jan Nowak,M7015,2025-03-16 02:28:00,365.06,Poznań,IT,blik,APPROVED
T30000750,C344197,Maria Mazur,M42701,2025-11-03 09:30:00,8687.71,Kraków,FR,blik,approved
T30000751,C67537,Adam Mazur,M36491,2024-04-25 11:44:00,7936.78,Gdańsk,PL,transfer,declined
T30000752,C183544,Adam Kaczmarek,M48736,2025-02-23 01:50:00,1054.64,Warszawa,PL,CARD,declined
T30000753,C103676,Anna Kowalski,M9293,2025-01-10 11:43:00,9478.81,Kraków,IT,blik,APPROVED
T30000754,C360201,Ewa Mazur,M21306,2024-10-12 08:46:00,2620.82,Kraków,DE,blik,approved
T30000755,C96855,Ewa Wojcik,M41565,2023-07-06 23:19:00,6235.57,Wrocław,DE,blik,pending
T30000756,C208361,Ewa Kaczmarek,M32816,2024-02-08 22:16:00,1306.76,Wrocław,IT,CARD,declined
T30000757,C354322,Maria Wisniewski,M45505,2024-03-23 01:09:00,1279.53,Poznań,IT,transfer,pending
T30000758,C436667,Piotr Wojcik,M29788,2024-08-31 08:54:00,5033.17,Wrocław,PL,CARD,declined
T30000759,C436493,Tomasz Kaczmarek,M5467,2023-10-02 19:26:00,8026.48,Kraków,DE,card,approved
T30000760,C92164,Ewa Nowak,M24927,2025-01-15 21:51:00,3246.28,Warszawa,FR,blik,pending
T30000761,C187533,Maria Mazur,M21105,2023-06-30 14:55:00,7905.4,Poznań,IT,blik,APPROVED
T30000762,C480441,Anna Mazur,M17822,2024-05-09 23:54:00,2393.85,Wrocław,FR,card,APPROVED
T30000763,C400048,Kasia Kaczmarek,M1395,2023-01-17 04:26:00,3165.47,Poznań,IT,cash,pending
T30000764,C205081,Piotr Wojcik,M37327,2023-05-12 11:53:00,6774.84,Warszawa,FR,cash,declined
T30000765,C441987,Tomasz Mazur,M49615,2023-11-09 00:30:00,8633.7,Poznań,FR,card,approved
T30000766,C180270,Tomasz Kowalski,M43919,2025-03-30 14:19:00,418.1,Gdańsk,FR,cash,declined
T30000767,C297592,Jan Nowak,M30651,2025-05-28 01:20:00,2797.65,Wrocław,PL,transfer,pending
T30000768,C86023,Tomasz Wisniewski,M35629,2025-03-01 11:37:00,8717.56,Gdańsk,DE,card,APPROVED
T30000769,C462425,Adam Wisniewski,M45928,2024-08-25 11:07:00,3980.41,Poznań,IT,cash,approved
T30000770,C334099,Adam Mazur,M24840,2023-07-17 15:51:00,9031.93,Wrocław,IT,transfer,approved
T30000771,C402000,Anna Wisniewski,M14060,2024-01-23 20:09:00,4110.67,Poznań,IT,transfer,pending
T30000772,C263907,Maria Wojcik,M44705,2024-12-08 14:02:00,8652.85,Gdańsk,ES,transfer,pending
T30000773,C260022,Ewa Kaczmarek,M33612,2024-09-22 10:44:00,9767.6,Poznań,PL,blik,pending
T30000774,C440074,Piotr Wisniewski,M25468,2024-02-05 06:11:00,3823.22,Warszawa,ES,CARD,APPROVED
T30000775,C482754,Anna Wojcik,M2077,2024-12-09 19:40:00,1576.08,Poznań,DE,blik,pending
T30000776,C481339,Tomasz Kaczmarek,M47483,2023-12-21 21:00:00,7436.66,Poznań,ES,transfer,approved
T30000777,C337645,Piotr Kaczmarek,M14618,2023-06-10 13:05:00,3336.48,Warszawa,IT,CARD,declined
T30000778,C431128,Piotr Nowak,M29064,2025-09-26 11:15:00,7852.43,Poznań,FR,card,APPROVED
T30000779,C102313,Jan Mazur,M34858,2025-06-27 11:17:00,9040.0,Poznań,FR,cash,pending
T30000780,C472616,Jan Kaczmarek,M17554,2024-02-24 07:54:00,5825.37,Poznań,IT,card,APPROVED
T30000781,C73216,Tomasz Kaczmarek,M39570,2024-09-05 04:56:00,3069.06,Kraków,IT,transfer,APPROVED
T30000782,C236418,Anna Kaczmarek,M2559,2023-11-05 12:53:00,3032.38,Poznań,ES,card,declined
T30000783,C17820,Jan Kaczmarek,M30990,2023-05-04 14:21:00,8643.44,Wrocław,FR,transfer,APPROVED
T30000784,C324079,Maria Kowalski,M10119,2024-12-14 03:53:00,4827.94,Gdańsk,DE,card,declined
T30000785,C5291,Kasia Mazur,M41213,2023-01-16 05:09:00,7573.33,Wrocław,FR,CARD,pending
T30000786,C197106,Jan Wojcik,M743,2023-11-28 18:56:00,1806.91,Poznań,IT,CARD,declined
T30000787,C272268,Jan Wojcik,M11336,2024-11-26 21:25:00,2770.04,Poznań,FR,CARD,approved
T30000788,C257384,Jan Kowalski,M4050,2023-05-04 03:21:00,1979.34,Gdańsk,ES,cash,pending
T30000789,C162773,Tomasz Kaczmarek,M23028,2024-11-23 21:35:00,1010.31,Kraków,DE,cash,pending
T30000790,C253898,Kasia Wojcik,M23033,2023-09-22 21:55:00,8218.32,Kraków,FR,blik,pending
T30000791,C113712,Piotr Nowak,M10681,2023-03-18 12:34:00,3516.37,Gdańsk,ES,blik,declined
T30000792,C51433,Anna Nowak,M5590,2025-05-06 05:39:00,1253.28,Gdańsk,PL,card,APPROVED
T30000793,C173540,Jan Wisniewski,M31915,2024-11-10 19:11:00,9564.83,Poznań,FR,blik,approved
T30000794,C227402,Piotr Wojcik,M6006,2023-12-19 20:02:00,684.82,Gdańsk,ES,transfer,declined
T30000795,C225513,Kasia Mazur,M30437,2024-06-28 17:02:00,9139.73,Gdańsk,FR,transfer,approved
T30000796,C218894,Maria Nowak,M31685,2024-02-25 08:28:00,9018.76,Poznań,FR,blik,declined
T30000797,C329408,Piotr Kaczmarek,M44617,2024-08-19 22:26:00,321.67,Wrocław,ES,blik,pending
T30000798,C321731,Adam Wisniewski,M22712,2025-01-08 07:27:00,8883.02,Gdańsk,ES,card,APPROVED
T30000799,C253804,Tomasz Wojcik,M37377,2023-08-12 03:21:00,435.98,Kraków,PL,CARD,pending
T30000800,C120081,Adam Kaczmarek,M6784,2025-11-06 08:17:00,4747.26,Kraków,ES,card,approved
T30000801,C482189,Ewa Nowak,M42164,2023-08-05 13:54:00,1087.84,Warszawa,DE,card,declined
T30000802,C292559,Jan Nowak,M177,2024-11-08 23:49:00,2305.83,Wrocław,ES,CARD,declined
T30000803,C196893,Kasia Wisniewski,M9448,2024-08-19 04:46:00,7787.43,Kraków,ES,transfer,pending
T30000804,C217942,Kasia Kaczmarek,M42776,2024-08-27 05:00:00,633.25,Warszawa,PL,transfer,approved
T30000805,C196347,Jan Nowak,M16777,2024-08-28 09:27:00,9129.29,Warszawa,DE,card,approved
T30000806,C338161,Maria Wojcik,M35003,2025-07-29 07:48:00,8384.23,Kraków,PL,transfer,pending
T30000807,C488827,Piotr Wojcik,M2065,2024-08-18 06:33:00,1578.54,Warszawa,FR,card,approved
T30000808,C251535,Anna Wisniewski,M46658,2024-04-16 03:30:00,2628.47,Kraków,DE,card,APPROVED
T30000809,C109229,Tomasz Wisniewski,M11355,2024-03-18 16:57:00,983.05,Kraków,DE,card,APPROVED
T30000810,C441385,Ewa Wisniewski,M13122,2023-01-25 11:47:00,9741.82,Kraków,PL,cash,declined
T30000811,C484983,Tomasz Kowalski,M45156,2024-12-27 01:20:00,7377.34,Warszawa,DE,transfer,APPROVED
T30000812,C469297,Tomasz Kaczmarek,M47585,2023-04-19 02:02:00,5440.57,Poznań,PL,card,pending
T30000813,C439397,Tomasz Wojcik,M17603,2024-09-30 16:48:00,9197.89,Warszawa,IT,CARD,APPROVED
T30000814,C454904,Anna Wisniewski,M40032,2024-01-01 20:37:00,5169.11,Kraków,DE,blik,approved
T30000815,C428535,Maria Mazur,M24979,2025-07-07 19:40:00,8241.05,Gdańsk,IT,CARD,APPROVED
T30000816,C306107,Adam Mazur,M7494,2023-01-13 13:45:00,4240.53,Warszawa,IT,CARD,approved
T30000817,C92634,Maria Wojcik,M35110,2025-07-07 14:42:00,9365.8,Kraków,DE,cash,declined
T30000818,C127807,Kasia Kowalski,M36548,2024-06-18 13:46:00,8406.08,Gdańsk,ES,transfer,APPROVED
T30000819,C164868,Tomasz Wisniewski,M36582,2025-02-19 05:37:00,811.45,Poznań,ES,CARD,approved
T30000820,C118377,Kasia Kaczmarek,M31825,2024-09-23 22:26:00,4970.67,Wrocław,IT,transfer,approved
T30000821,C225152,Kasia Nowak,M10436,2024-06-25 08:20:00,7489.51,Poznań,IT,blik,pending
T30000822,C1600,Anna Kowalski,M22031,2023-05-10 02:50:00,2576.79,Poznań,ES,cash,APPROVED
T30000823,C68675,Adam Mazur,M47038,2023-04-24 01:30:00,8300.57,Warszawa,ES,transfer,declined
T30000824,C53376,Piotr Kaczmarek,M6724,2024-03-09 13:08:00,6077.94,Warszawa,DE,cash,declined
T30000825,C464295,Maria Mazur,M27496,2025-07-27 20:16:00,1594.41,Wrocław,FR,blik,declined
T30000826,C340140,Adam Kaczmarek,M48912,2024-01-25 04:49:00,8288.7,Warszawa,IT,cash,APPROVED
T30000827,C494748,Piotr Kaczmarek,M42895,2023-05-19 13:51:00,6173.74,Wrocław,DE,card,declined
T30000828,C228158,Adam Kaczmarek,M47747,2025-04-27 06:47:00,2784.82,Warszawa,FR,transfer,approved
T30000829,C431772,Adam Kowalski,M26393,2023-03-01 23:28:00,7608.13,Wrocław,ES,card,declined
T30000830,C197548,Piotr Wisniewski,M49759,2024-06-26 08:57:00,2192.11,Warszawa,DE,card,declined
T30000831,C417854,Adam Nowak,M20275,2023-07-02 07:00:00,95.94,Poznań,DE,cash,pending
T30000832,C352988,Jan Kowalski,M20608,2024-03-23 12:34:00,3193.84,Kraków,FR,cash,pending
T30000833,C33219,Ewa Kaczmarek,M39343,2024-06-26 10:34:00,2715.95,Warszawa,PL,blik,declined
T30000834,C162332,Ewa Nowak,M29899,2025-01-20 15:20:00,7364.14,Gdańsk,DE,cash,pending
T30000835,C218756,Tomasz Mazur,M47472,2025-09-02 05:15:00,3502.59,Gdańsk,PL,blik,declined
T30000836,C159255,Anna Nowak,M47792,2025-05-08 19:09:00,8046.55,Gdańsk,FR,CARD,APPROVED
T30000837,C127060,Piotr Kaczmarek,M36830,2023-04-18 16:07:00,8380.37,Warszawa,IT,cash,APPROVED
T30000838,C255655,Maria Wojcik,M13820,2023-01-19 03:13:00,1358.13,Poznań,IT,cash,pending
T30000839,C287452,Kasia Nowak,M2960,2024-01-12 13:10:00,217.49,Gdańsk,FR,transfer,APPROVED
T30000840,C42735,Maria Nowak,M11672,2023-03-17 00:35:00,3880.37,Gdańsk,PL,transfer,pending
T30000841,C179970,Kasia Wisniewski,M43219,2024-01-14 16:38:00,9610.5,Warszawa,ES,CARD,pending
T30000842,C371595,Ewa Wisniewski,M15681,2024-12-12 12:52:00,9875.03,Poznań,ES,transfer,approved
T30000843,C265764,Tomasz Nowak,M46067,2024-12-11 23:47:00,8611.0,Gdańsk,FR,card,declined
T30000844,C417354,Ewa Kowalski,M41958,2024-06-29 18:22:00,3781.53,Poznań,IT,CARD,approved
T30000845,C146470,Jan Nowak,M27513,2023-06-29 10:46:00,3908.84,Gdańsk,DE,cash,declined
T30000846,C178365,Tomasz Nowak,M25195,2023-12-22 13:08:00,9588.43,Wrocław,IT,transfer,pending
T30000847,C384663,Tomasz Kowalski,M29736,2024-03-12 16:57:00,6881.06,Gdańsk,DE,card,declined
T30000848,C34395,Ewa Kaczmarek,M30162,2025-04-21 20:10:00,1180.89,Kraków,IT,transfer,approved
T30000849,C179663,Ewa Kowalski,M12882,2025-09-10 16:11:00,769.0,Warszawa,ES,card,APPROVED
T30000850,C32202,Tomasz Nowak,M11665,2023-12-22 03:05:00,1754.5,Gdańsk,FR,cash,APPROVED
T30000851,C377274,Maria Wojcik,M15413,2025-05-20 09:01:00,9373.81,Gdańsk,ES,card,declined
T30000852,C353355,Kasia Wojcik,M33502,2024-08-12 08:53:00,6888.5,Wrocław,DE,cash,APPROVED
T30000853,C247110,Ewa Nowak,M2935,2024-07-23 12:21:00,689.12,Wrocław,IT,cash,approved
T30000854,C65749,Ewa Mazur,M6856,2024-01-01 12:20:00,1883.3,Poznań,ES,blik,pending
T30000855,C94475,Ewa Nowak,M32827,2024-12-17 03:12:00,673.39,Warszawa,PL,CARD,pending
T30000856,C404204,Adam Wojcik,M26763,2025-09-30 06:37:00,9363.62,Wrocław,DE,CARD,pending
T30000857,C79327,Ewa Kowalski,M18542,2024-02-14 08:50:00,6153.35,Wrocław,DE,cash,pending
T30000858,C224891,Piotr Kowalski,M21638,2025-02-08 08:48:00,5702.21,Gdańsk,IT,blik,declined
T30000859,C121717,Adam Wojcik,M36267,2023-03-28 11:08:00,9230.96,Wrocław,DE,blik,declined
T30000860,C206272,Tomasz Wojcik,M15304,2025-09-11 09:11:00,8602.14,Kraków,DE,card,declined
T30000861,C498689,Tomasz Wisniewski,M10248,2024-07-24 07:35:00,6453.71,Kraków,PL,card,pending
T30000862,C104392,Jan Kaczmarek,M3474,2023-01-23 08:48:00,4022.11,Poznań,DE,transfer,declined
T30000863,C377018,Maria Kaczmarek,M22656,2024-04-29 12:54:00,715.34,Wrocław,FR,card,approved
T30000864,C391034,Adam Nowak,M22337,2023-09-20 03:54:00,9988.9,Gdańsk,FR,transfer,approved
T30000865,C475103,Ewa Kowalski,M25086,2024-07-15 03:31:00,2412.94,Wrocław,PL,transfer,APPROVED
T30000866,C488919,Piotr Kaczmarek,M22650,2023-04-13 10:13:00,410.75,Poznań,IT,blik,declined
T30000867,C374900,Kasia Nowak,M32004,2024-01-30 15:09:00,4049.0,Gdańsk,DE,cash,approved
T30000868,C184676,Jan Wojcik,M36027,2025-08-19 13:28:00,6561.05,Kraków,PL,cash,pending
T30000869,C357167,Ewa Kaczmarek,M40467,2024-12-09 07:06:00,8805.67,Kraków,PL,transfer,approved
T30000870,C117744,Ewa Kaczmarek,M20997,2023-11-17 14:46:00,701.52,Poznań,IT,cash,pending
T30000871,C378897,Tomasz Mazur,M42749,2025-02-24 10:19:00,9304.94,Poznań,FR,blik,APPROVED
T30000872,C333187,Maria Kaczmarek,M15930,2025-07-31 04:08:00,940.0,Kraków,PL,CARD,declined
T30000873,C54911,Kasia Wojcik,M34923,2023-03-06 00:33:00,2767.41,Wrocław,PL,card,approved
T30000874,C118022,Ewa Kaczmarek,M9355,2024-10-07 06:01:00,1140.87,Warszawa,ES,CARD,APPROVED
T30000875,C211640,Ewa Kowalski,M36204,2023-09-21 21:32:00,9262.15,Gdańsk,ES,transfer,pending
T30000876,C352379,Ewa Mazur,M47556,2023-09-17 13:40:00,849.24,Poznań,FR,cash,APPROVED
T30000877,C301209,Maria Mazur,M25102,2025-05-05 04:01:00,2614.97,Kraków,ES,card,declined
T30000878,C414572,Adam Nowak,M10917,2025-01-24 20:20:00,3371.0,Kraków,IT,transfer,APPROVED
T30000879,C410066,Ewa Kowalski,M14491,2023-09-19 19:10:00,8899.44,Poznań,IT,CARD,declined
T30000880,C391136,Anna Kaczmarek,M37655,2024-04-20 02:28:00,1340.41,Gdańsk,FR,transfer,pending
T30000881,C498116,Ewa Nowak,M26267,2024-06-14 16:46:00,131.22,Poznań,IT,card,declined
T30000882,C199855,Jan Wojcik,M22638,2024-11-05 05:12:00,7153.44,Warszawa,PL,card,APPROVED
T30000883,C234012,Tomasz Kaczmarek,M37607,2023-03-26 03:58:00,8088.01,Gdańsk,ES,transfer,APPROVED
T30000884,C163096,Tomasz Kowalski,M40561,2025-04-20 03:47:00,3844.48,Wrocław,DE,cash,pending
T30000885,C393555,Kasia Wisniewski,M44864,2024-12-05 08:14:00,1085.29,Kraków,DE,transfer,approved
T30000886,C498576,Tomasz Kaczmarek,M17866,2023-02-26 04:37:00,4349.61,Kraków,ES,card,APPROVED
T30000887,C60341,Adam Nowak,M7050,2023-09-01 20:18:00,6294.9,Kraków,PL,blik,pending
T30000888,C435664,Jan Wojcik,M35422,2023-03-14 08:00:00,645.32,Gdańsk,FR,CARD,pending
T30000889,C278159,Maria Kowalski,M45370,2023-02-17 02:41:00,756.16,Wrocław,PL,transfer,pending
T30000890,C177630,Adam Wojcik,M42702,2025-01-15 14:11:00,6286.89,Wrocław,DE,blik,approved
T30000891,C314394,Piotr Wisniewski,M26504,2023-06-30 15:00:00,9897.43,Kraków,DE,transfer,APPROVED
T30000892,C300975,Adam Wojcik,M44806,2023-02-10 14:49:00,541.08,Kraków,FR,blik,APPROVED
T30000893,C336852,Anna Kowalski,M36057,2023-12-29 02:15:00,432.45,Warszawa,PL,CARD,declined
T30000894,C350264,Anna Mazur,M30719,2025-02-05 16:43:00,6016.94,Wrocław,IT,CARD,pending
T30000895,C88835,Tomasz Nowak,M42804,2023-12-28 19:11:00,1846.28,Poznań,ES,transfer,approved
T30000896,C137222,Kasia Nowak,M4466,2025-10-17 14:50:00,9576.78,Kraków,IT,CARD,approved
T30000897,C487573,Anna Wisniewski,M1416,2025-05-22 03:36:00,3247.74,Gdańsk,IT,transfer,declined
T30000898,C387288,Jan Kaczmarek,M726,2023-07-17 13:25:00,4605.72,Gdańsk,PL,blik,declined
T30000899,C296499,Anna Wojcik,M27784,2024-03-23 01:44:00,2736.86,Poznań,DE,card,APPROVED
T30000900,C165747,Anna Kaczmarek,M24827,2023-02-28 01:10:00,6707.03,Gdańsk,IT,transfer,pending
T30000901,C262230,Piotr Kowalski,M24931,2023-12-26 07:00:00,6708.8,Wrocław,PL,card,APPROVED
T30000902,C420005,Maria Mazur,M27839,2025-11-04 02:56:00,5472.14,Warszawa,ES,cash,approved
T30000903,C138677,Kasia Kowalski,M12223,2025-04-13 05:47:00,4338.64,Gdańsk,DE,blik,declined
T30000904,C198876,Jan Wisniewski,M996,2023-05-03 23:58:00,901.7,Gdańsk,ES,transfer,APPROVED
T30000905,C459830,Kasia Kowalski,M15404,2023-11-01 13:11:00,3321.8,Poznań,FR,blik,APPROVED
T30000906,C360525,Kasia Wojcik,M31891,2025-06-25 16:40:00,3157.01,Warszawa,PL,CARD,declined
T30000907,C380371,Ewa Wojcik,M1521,2024-11-27 04:07:00,2003.2,Gdańsk,PL,blik,approved
T30000908,C210086,Maria Mazur,M633,2025-04-11 19:56:00,8008.55,Kraków,ES,CARD,APPROVED
T30000909,C102062,Anna Wojcik,M6305,2023-12-20 13:55:00,3800.52,Kraków,DE,cash,APPROVED
T30000910,C489467,Jan Kaczmarek,M1079,2024-08-18 09:02:00,2678.69,Wrocław,DE,transfer,APPROVED
T30000911,C395299,Kasia Kaczmarek,M24065,2025-03-10 15:37:00,9012.69,Kraków,IT,transfer,declined
T30000912,C439517,Adam Nowak,M27508,2024-11-29 07:06:00,7003.14,Gdańsk,ES,blik,pending
T30000913,C441564,Kasia Wojcik,M25594,2023-08-25 04:32:00,4755.38,Wrocław,ES,blik,APPROVED
T30000914,C336075,Jan Wisniewski,M37662,2023-10-04 19:04:00,9406.17,Kraków,FR,CARD,approved
T30000915,C319269,Kasia Kaczmarek,M36687,2023-02-28 16:01:00,4096.72,Warszawa,PL,blik,declined
T30000916,C415063,Piotr Kaczmarek,M721,2025-05-26 12:04:00,7620.35,Poznań,ES,CARD,approved
T30000917,C479362,Jan Nowak,M5029,2024-03-09 03:47:00,4206.78,Poznań,IT,cash,APPROVED
T30000918,C434892,Adam Wisniewski,M11253,2025-07-17 19:02:00,6483.5,Warszawa,ES,transfer,pending
T30000919,C76761,Anna Mazur,M8289,2024-03-28 15:57:00,3610.5,Kraków,ES,cash,approved
T30000920,C233682,Anna Nowak,M22979,2024-07-01 16:04:00,9853.55,Poznań,DE,cash,pending
T30000921,C10699,Anna Kaczmarek,M17552,2025-10-10 12:54:00,4683.69,Warszawa,FR,card,declined
T30000922,C233937,Anna Kaczmarek,M24908,2025-05-20 23:34:00,6636.22,Wrocław,FR,blik,approved
T30000923,C149351,Anna Wisniewski,M18891,2024-07-04 05:29:00,6959.17,Warszawa,IT,blik,pending
T30000924,C199850,Piotr Wisniewski,M9030,2024-05-31 14:47:00,4158.76,Warszawa,PL,blik,declined
T30000925,C21914,Maria Wisniewski,M36391,2025-07-28 05:28:00,4626.5,Poznań,ES,cash,APPROVED
T30000926,C455213,Maria Wojcik,M35162,2025-01-08 09:21:00,6318.67,Gdańsk,ES,card,approved
T30000927,C379751,Kasia Kowalski,M12689,2024-08-22 23:06:00,7711.7,Kraków,IT,cash,APPROVED
T30000928,C478519,Kasia Kaczmarek,M21750,2023-06-12 14:40:00,9220.15,Wrocław,DE,cash,declined
T30000929,C496243,Jan Wojcik,M23072,2025-05-05 15:40:00,7823.5,Kraków,PL,transfer,approved
T30000930,C320502,Ewa Wisniewski,M2492,2023-11-11 19:51:00,5348.87,Warszawa,ES,blik,approved
T30000931,C141008,Ewa Mazur,M28896,2024-09-01 15:16:00,3807.82,Poznań,FR,blik,pending
T30000932,C489128,Adam Mazur,M1015,2023-03-11 18:25:00,7011.83,Warszawa,FR,transfer,pending
T30000933,C144010,Anna Wisniewski,M1293,2024-03-18 17:03:00,2962.12,Kraków,PL,cash,approved
T30000934,C120494,Jan Wojcik,M9646,2025-04-18 17:50:00,6009.79,Wrocław,ES,cash,declined
T30000935,C254708,Jan Wojcik,M47864,2024-10-17 12:14:00,7994.53,Poznań,IT,CARD,pending
T30000936,C321357,Piotr Wojcik,M36456,2023-02-18 22:11:00,5223.36,Warszawa,PL,blik,declined
T30000937,C397634,Ewa Kaczmarek,M14509,2025-03-09 01:43:00,5105.93,Poznań,PL,card,declined
T30000938,C434119,Jan Mazur,M41470,2023-11-01 23:17:00,3813.25,Gdańsk,FR,transfer,APPROVED
T30000939,C425717,Jan Nowak,M15247,2023-03-29 15:22:00,6051.41,Warszawa,DE,CARD,APPROVED
T30000940,C185427,Ewa Wojcik,M4378,2024-01-15 09:37:00,1710.76,Warszawa,ES,transfer,pending
T30000941,C93795,Kasia Kowalski,M3508,2024-07-18 20:24:00,9300.58,Gdańsk,ES,transfer,APPROVED
T30000942,C277492,Jan Kaczmarek,M5488,2025-08-20 01:16:00,7391.45,Wrocław,ES,transfer,declined
T30000943,C306447,Kasia Kowalski,M44869,2023-03-25 06:28:00,6484.6,Warszawa,IT,CARD,approved
T30000944,C316922,Kasia Wojcik,M91,2023-03-07 17:56:00,4660.57,Gdańsk,DE,blik,APPROVED
T30000945,C41743,Maria Mazur,M2135,2023-09-15 21:45:00,8953.17,Kraków,FR,CARD,APPROVED
T30000946,C70692,Tomasz Mazur,M27471,2023-12-09 18:41:00,9008.08,Warszawa,IT,transfer,APPROVED
T30000947,C496199,Ewa Nowak,M12447,2024-07-13 06:13:00,1676.77,Poznań,IT,cash,approved
T30000948,C364511,Maria Kowalski,M25659,2024-01-07 08:13:00,1617.53,Gdańsk,FR,cash,pending
T30000949,C430852,Jan Wojcik,M34169,2025-01-19 22:28:00,3071.05,Gdańsk,PL,transfer,APPROVED
T30000950,C166961,Adam Nowak,M49695,2023-03-31 10:07:00,5569.32,Poznań,DE,transfer,declined
T30000951,C63588,Maria Kowalski,M41692,2024-12-01 13:16:00,6336.72,Wrocław,DE,blik,pending
T30000952,C134276,Kasia Mazur,M41108,2023-05-31 20:10:00,7550.62,Wrocław,FR,blik,approved
T30000953,C349177,Maria Kaczmarek,M6090,2023-08-16 00:33:00,5770.9,Wrocław,PL,cash,pending
T30000954,C307651,Piotr Kaczmarek,M29945,2024-12-09 20:28:00,1818.19,Warszawa,FR,cash,approved
T30000955,C179540,Adam Nowak,M2671,2023-04-14 03:27:00,7906.79,Wrocław,FR,cash,approved
T30000956,C66455,Tomasz Kowalski,M27561,2023-09-27 11:24:00,9218.43,Poznań,DE,transfer,approved
T30000957,C85628,Maria Kowalski,M2406,2024-11-01 09:00:00,2721.28,Wrocław,FR,cash,APPROVED
T30000958,C256162,Adam Mazur,M19350,2023-02-06 13:14:00,8134.78,Warszawa,IT,cash,approved
T30000959,C309878,Kasia Wisniewski,M46396,2024-01-11 09:03:00,9913.04,Wrocław,ES,cash,approved
T30000960,C338729,Jan Mazur,M19176,2024-12-08 14:28:00,867.62,Gdańsk,DE,card,APPROVED
T30000961,C277581,Tomasz Kaczmarek,M32652,2023-05-05 13:36:00,1694.23,Kraków,FR,transfer,declined
T30000962,C69475,Jan Wisniewski,M6961,2023-12-19 01:37:00,8595.77,Wrocław,PL,blik,pending
T30000963,C61415,Maria Wisniewski,M43508,2023-11-22 07:03:00,1785.15,Wrocław,FR,cash,approved
T30000964,C448896,Anna Wojcik,M48643,2023-12-06 06:05:00,1539.33,Poznań,PL,CARD,APPROVED
T30000965,C27115,Piotr Wojcik,M49904,2024-01-19 13:34:00,7350.28,Warszawa,FR,card,APPROVED
T30000966,C68213,Kasia Kowalski,M22894,2023-02-19 00:52:00,5648.55,Gdańsk,PL,card,pending
T30000967,C359136,Kasia Mazur,M13840,2024-12-27 12:49:00,208.96,Gdańsk,FR,blik,APPROVED
T30000968,C298075,Anna Wisniewski,M21643,2024-04-04 19:45:00,2699.14,Kraków,FR,cash,approved
T30000969,C477996,Maria Wisniewski,M2291,2024-05-16 18:39:00,9629.68,Kraków,DE,transfer,declined
T30000970,C316313,Adam Wojcik,M46362,2025-04-20 22:26:00,7438.7,Wrocław,PL,CARD,APPROVED
T30000971,C130733,Tomasz Wojcik,M5682,2025-06-03 12:49:00,7978.44,Gdańsk,FR,blik,pending
T30000972,C66690,Tomasz Nowak,M17682,2023-05-04 04:28:00,3931.03,Wrocław,PL,cash,declined
T30000973,C153093,Ewa Wojcik,M2124,2024-08-22 01:07:00,9241.12,Kraków,ES,card,approved
T30000974,C309672,Anna Mazur,M20117,2023-12-26 00:28:00,3775.61,Wrocław,FR,CARD,approved
T30000975,C293277,Piotr Mazur,M18059,2024-12-11 00:50:00,4732.98,Gdańsk,DE,CARD,APPROVED
T30000976,C285603,Piotr Kowalski,M47728,2025-04-14 14:21:00,2077.8,Warszawa,FR,cash,pending
T30000977,C315541,Kasia Nowak,M33740,2024-08-02 02:18:00,9983.21,Wrocław,DE,cash,APPROVED
T30000978,C31911,Anna Wojcik,M47724,2023-04-03 09:50:00,2645.03,Warszawa,DE,transfer,declined
T30000979,C390477,Anna Wisniewski,M33414,2025-01-30 16:35:00,2505.68,Gdańsk,ES,transfer,approved
T30000980,C27747,Adam Nowak,M16498,2024-11-29 16:34:00,7625.89,Gdańsk,FR,blik,APPROVED
T30000981,C238233,Jan Kaczmarek,M12220,2023-07-29 11:41:00,6523.95,Poznań,ES,transfer,APPROVED
T30000982,C143352,Piotr Kaczmarek,M9056,2025-03-30 08:27:00,3683.53,Poznań,ES,transfer,declined
T30000983,C260521,Kasia Kaczmarek,M41557,2023-03-19 13:56:00,6771.94,Poznań,PL,transfer,approved
T30000984,C138178,Adam Wisniewski,M17406,2023-09-16 14:52:00,1452.39,Wrocław,ES,card,APPROVED
T30000985,C492943,Piotr Wisniewski,M27480,2024-06-27 21:14:00,6832.56,Gdańsk,IT,blik,APPROVED
T30000986,C314439,Jan Kaczmarek,M45031,2023-05-23 14:01:00,2300.31,Wrocław,FR,transfer,declined
T30000987,C487649,Ewa Kaczmarek,M24020,2023-09-06 08:25:00,3091.87,Kraków,DE,blik,pending
T30000988,C455628,Ewa Wisniewski,M31533,2025-05-18 00:25:00,9150.51,Poznań,IT,card,declined
T30000989,C187340,Tomasz Kaczmarek,M42447,2023-06-05 00:15:00,4961.46,Poznań,FR,transfer,declined
T30000990,C26473,Piotr Nowak,M39941,2025-03-07 08:24:00,8654.48,Gdańsk,FR,CARD,pending
T30000991,C372913,Jan Wojcik,M26769,2024-02-17 09:23:00,7516.47,Kraków,DE,transfer,declined
T30000992,C104214,Piotr Wojcik,M10737,2024-10-19 00:35:00,547.02,Poznań,DE,transfer,pending
T30000993,C130874,Ewa Kaczmarek,M39406,2024-12-18 11:25:00,9691.99,Kraków,ES,card,pending
T30000994,C397213,Maria Kaczmarek,M38707,2023-01-18 14:27:00,5808.35,Warszawa,IT,CARD,approved
T30000995,C394417,Tomasz Mazur,M18240,2023-05-11 23:35:00,5340.37,Wrocław,ES,cash,approved
T30000996,C179639,Kasia Kaczmarek,M45097,2024-07-10 05:54:00,6688.13,Kraków,PL,CARD,APPROVED
T30000997,C87681,Ewa Nowak,M32546,2025-09-24 22:10:00,1771.52,Gdańsk,DE,cash,APPROVED
T30000998,C204574,Adam Wojcik,M14765,2024-08-05 23:49:00,6987.57,Wrocław,PL,transfer,APPROVED
T30000999,C111067,Maria Kowalski,M44868,2023-02-19 17:47:00,1355.71,Wrocław,PL,transfer,APPROVED
